|metroId|CDD|URB_AREA|URB_AREA_CORE|URB_AREA_HINTER|FRAGMENTATION|GDP_PC_REAL_PPP|POP_DEN|POP_TOT_GI|PWM_EX_CORE|T_Y0_14_SH_NAT|T_Y15_64_SH_NAT|T_Y65_MAX_SH_NAT|CONSTR_RAT|TREECOVER_SHARE_CORE
0|AT001|23.0|858.0|222.0|636.0|12.4|53992.0|293.0|112.5|14.9|33.1|33.3|32.2|0.08921701154206094|22.1
1|AT002|2.0|248.0|59.0|189.0|16.3|50492.0|202.0|110.8|17.7|7.0|7.5|7.1|0.0801551389786684|32.9
2|AT003|2.0|189.0|43.0|146.0|22.6|53792.0|175.0|105.3|15.3|7.6|7.3|7.0|0.05320945945945946|15.6
3|AT004|1.0|97.0|28.0|69.0|15.9|62784.0|232.0|105.5|12.3|4.3|4.2|4.1|0.06274256144890039|18.8
4|AT005|0.0|108.0|19.0|88.0|23.0|53602.0|132.0|110.4|12.6|3.9|4.0|3.7|0.04267088107467404|56.4
5|AT006|0.0|95.0|29.0|66.0|16.7|45004.0|106.0|101.0|13.7|2.8|2.9|3.2|0.04023718763235917|43.5
6|AUS01|51.0|1582.0|1190.0|392.0|6.4|48510.0|390.0|118.0|7.2|20.5|21.1|18.7|0.12758064516129033|22.5
7|AUS02|83.0|1944.0|1572.0|372.0|6.9|42114.0|447.0|127.9|8.0|18.4|19.6|17.5|0.19426401518936745|4.6
8|AUS03|147.0|1347.0|741.0|605.0|10.3|43754.0|144.0|134.7|5.9|10.2|9.9|8.2|0.08478630326682193|18.3
9|AUS04|233.0|1089.0|696.0|393.0|8.8|70395.0|307.0|135.6|7.9|8.4|8.6|7.4|0.1691781885971726|8.6
10|AUS05|221.0|669.0|537.0|132.0|8.4|40306.0|399.0|113.4|6.5|5.1|5.5|6.1|0.20490045941807045|6.8
11|AUS06|169.0|314.0|137.0|177.0|8.5||303.0|144.8|5.7|2.3|2.4|2.5|0.16854535695115405|24.5
12|AUS07|33.0|178.0|122.0|55.0|33.7|54503.0|165.0|120.9|6.6|1.6|1.7|1.3|0.07532797291578502|5.7
13|AUS08|115.0|284.0|137.0|147.0|8.2||284.0|112.3|7.4|1.9|1.9|2.2|0.17963314358001264|34.7
14|AUS10|24.0|127.0|52.0|76.0|7.5||669.0|110.8|6.6|1.2|1.2|1.4|0.3038277511961722|44.5
15|AUS11|176.0|131.0|44.0|86.0|8.8||374.0|143.8|5.3|1.0|1.0|1.3|0.20404984423676012|36.5
16|AUS14|99.0|167.0|85.0|82.0|7.3||61.0|122.1|7.9|1.1|1.1|1.4|0.03764652840396754|2.2
17|BE001|7.0|931.0|27.0|905.0|5.3|70286.0|536.0|114.4|12.8|25.1|23.3|20.6|0.19323370693233707|35.3
18|BE002|8.0|421.0|127.0|294.0|3.0|56972.0|884.0|109.5|14.5|9.9|9.6|10.0|0.34283387622149836|4.8
19|BE003|7.0|337.0|102.0|235.0|4.6|54433.0|496.0|108.6|14.9|4.9|5.2|5.4|0.28778821520068315|0.9
20|BE004|5.0|213.0|213.0||4.9|31752.0|340.0|102.7|11.6|4.6|4.3|4.2|0.14863921842288905|17.6
21|BE005|5.0|294.0|294.0||7.2|36285.0|377.0|106.3|11.3|6.6|6.6|6.6|0.14961832061068703|25.3
22|CAN01|2.0|1860.0|1546.0|313.0|0.6|45401.0|441.0|127.5|8.6|20.2|20.1|17.3|0.11766194331983805|10.5
23|CAN02|5.0|1215.0|774.0|440.0|4.1|34802.0|358.0|113.7|9.2|12.1|12.3|12.2|0.1000823723228995|11.7
24|CAN03|0.0|685.0|538.0|147.0|1.4|39825.0|838.0|126.2|6.4|6.3|7.4|6.4|0.22940388479571333|37.3
25|CAN04|3.0|344.0|294.0|51.0|2.5|78441.0|121.0|149.2|7.3|4.2|4.2|3.7|0.02853587722936541|34.0
26|CAN05|4.0|305.0|265.0|40.0|1.7|56427.0|86.0|146.1|7.6|4.8|4.5|2.9|0.017394775864035587|2.3
27|CAN06|5.0|343.0|276.0|67.0|4.7|53065.0|70.0|138.9|8.8|4.1|3.9|2.8|0.017828369457872032|12.9
28|CAN07|1.0|250.0|152.0|97.0|7.1|36438.0|119.0|113.1|8.8|2.2|2.4|2.8|0.03393051031487514|41.8
29|CAN08|11.0|301.0|220.0|81.0|3.4|36181.0|62.0|115.0|6.3|2.5|2.4|2.2|0.022070684851151195|1.3
30|CAN09|4.0|285.0|193.0|92.0|0.6|39226.0|220.0|111.4|9.3|1.8|1.8|1.9|0.09906152241918666|17.7
31|CAN10|5.0|227.0|131.0|95.0|3.7|31570.0|102.0|113.4|8.8|1.6|1.6|1.6|0.0410711054821784|4.7
32|CAN11|1.0|194.0|150.0|44.0|1.8|36229.0|220.0|121.6|8.7|1.7|1.6|1.4|0.07587016034415331|10.4
33|CAN12|1.0|115.0|97.0|18.0|3.0|33902.0|45.0|112.3|5.8|1.2|1.3|1.2|0.011119706052987817|84.1
34|CAN13|0.0|141.0|68.0|73.0|5.4|37027.0|358.0|118.9|5.8|0.9|1.1|1.3|0.13031423290203328|27.2
35|CAN14|7.0|204.0|91.0|112.0|1.9|29990.0|242.0|108.6|9.9|1.1|1.1|1.1|0.13076923076923078|6.2
36|CAN15|13.0|51.0|47.0|4.0|4.9|51850.0|74.0|129.0|9.5|0.9|0.8|0.6|0.01327779224160375|0.5
37|CAN16|4.0|89.0|50.0|39.0|16.0|23537.0|52.0|112.9|6.9|0.7|0.7|0.8|0.018012548067192876|33.9
38|CH001|4.0|276.0|49.0|227.0|11.6|75162.0|1006.0|119.4|12.0|16.1|16.4|15.4|0.21100917431192662|28.8
39|CH002|0.0|103.0|13.0|91.0|15.4|74642.0|1060.0|120.3|13.5|7.6|7.0|6.4|0.19144981412639406|7.6
40|CH003|1.0|120.0|18.0|102.0|19.9|82547.0|773.0|108.3|11.9|6.0|6.4|7.7|0.17266187050359713|2.6
41|CH004|2.0|91.0|22.0|69.0|21.1||520.0|108.4|12.2|4.6|4.9|5.6|0.11621966794380588|33.1
42|CH005|0.0|86.0|14.0|71.0|32.5|53719.0|520.0|125.7|12.0|5.3|5.0|4.5|0.11096774193548387|41.0
43|CL004|7.0|50.0|50.0||0.3|72251.0|12.0||13.0|2.2|2.1|1.6|0.001619538107731675|0.0
44|CL006|3.0|17.0|17.0|0.0|0.7|16449.0|117.0||13.9|2.6|2.5|2.4|0.004412146379444588|0.2
45|CL010|1.0|100.0|85.0|16.0|0.6|17076.0|702.0||16.4|5.0|5.7|6.9|0.06954102920723226|20.7
46|CL011|2.0|534.0|487.0|47.0|0.7|21125.0|634.0||27.2|39.5|41.3|38.2|0.046854435377730985|4.2
47|CL014|5.0|26.0|16.0|10.0|1.4||113.0||30.6|2.0|2.0|1.7|0.008373590982286634|33.8
48|CL017|26.0|14.0|12.0|2.0|0.7||585.0||24.6|1.5|1.6|1.4|0.029535864978902954|8.6
49|CL020|2.0|102.0|53.0|49.0|0.9|14056.0|498.0||19.8|5.1|5.7|5.2|0.05167173252279635|65.5
50|CL022|0.0|37.0|31.0|6.0|0.9||136.0||32.7|2.4|2.5|2.2|0.011587848418415283|61.0
51|CL023|0.0|13.0|13.0||0.3||293.0||32.0|1.6|1.7|1.7|0.012757605495583905|80.4
52|CL025|0.0|15.0|15.0||0.3||239.0||25.8|2.4|2.2|1.9|0.008987417615338526|79.6
53|COL01|0.0|412.0|393.0|20.0|0.1|20477.0|3282.0|123.1|32.5|16.0|19.2|17.7|0.15541305167861186|14.6
54|COL02|19.0|158.0|153.0|5.0|0.2|14266.0|3840.0|120.2|27.3|5.8|8.3|9.2|0.16475495307612095|63.4
55|COL03|209.0|104.0|100.0|3.0|0.2|13594.0|1622.0|117.7|13.6|4.8|5.9|6.0|0.06349206349206349|43.7
56|COL04|2391.0|155.0|117.0|37.0|0.6|11429.0|1586.0|119.7|19.1|4.5|4.7|4.2|0.11191335740072202|5.0
57|COL05|2176.0|97.0|76.0|21.0|0.6|10104.0|607.0|116.5|18.4|2.5|2.5|2.4|0.04903943377148635|21.8
58|COL06|465.0|59.0|59.0||0.4|21455.0|905.0|113.7|26.8|2.0|2.5|2.6|0.0479285134037368|54.0
59|COL07|1179.0|93.0|93.0||0.5|7580.0|540.0|117.1|29.9|1.7|1.7|1.6|0.06187624750499002|39.5
60|COL08|148.0|21.0|21.0||0.3|10901.0|974.0|110.0|23.5|1.2|1.5|1.7|0.030791788856304986|43.2
61|COL09|272.0|11.0|11.0||0.2||396.0|116.3|26.7|1.1|1.2|1.4|0.007936507936507936|67.4
62|COL10|103.0|18.0|18.0||0.4||498.0|109.1|25.3|0.7|1.0|1.2|0.019933554817275746|66.9
63|COL11|369.0|41.0|41.0||0.2||202.0|121.4|19.0|1.1|1.0|0.8|0.01735817104149026|82.1
64|COL12|0.0|17.0|17.0||0.2||360.0|121.6|14.5|0.8|1.0|0.9|0.014096185737976783|65.7
65|COL13|240.0|8.0|7.0|0.0|0.7|8752.0|929.0|107.8|22.9|0.7|0.9|1.1|0.018475750577367205|55.4
66|COL14|611.0|17.0|17.0||0.2||359.0|139.1|34.3|1.0|1.0|0.8|0.012869038607115822|20.7
67|COL15|1884.0|23.0|23.0||0.2||139.0|121.9|23.1|1.0|0.9|0.8|0.00736|1.9
68|COL16|1660.0|24.0|24.0||0.2||104.0|139.6|24.0|1.0|0.9|0.7|0.005649717514124294|29.1
69|COL17|906.0|2.0|2.0||0.3||56.0|130.0|15.3|0.9|0.8|0.6|0.00028364770954474543|92.2
70|COL18|321.0|14.0|14.0||0.3||275.0|112.1|21.6|0.7|0.7|0.7|0.01131770412287793|35.2
71|COL19|220.0|18.0|18.0||0.3||299.0|110.5|15.6|0.5|0.7|0.8|0.017769002961500493|33.0
72|COL20|0.0|14.0|14.0||0.4||566.0|109.7|13.0|0.5|0.6|0.6|0.02880658436213992|43.6
73|COL21|2049.0|18.0|18.0||0.4||961.0|121.7|21.8|0.6|0.6|0.6|0.06382978723404255|5.8
74|COL25|1187.0|8.0|8.0||0.4||81.0|185.9|19.2|0.7|0.5|0.3|0.0025823111684958036|33.6
75|CZ001|10.0|579.0|227.0|352.0|27.6|50649.0|370.0|110.1|17.1|20.4|20.2|20.2|0.10057321521625846|11.5
76|CZ002|9.0|181.0|77.0|104.0|37.4|31641.0|271.0|103.1|19.3|6.8|6.9|7.1|0.06761299962644751|30.0
77|CZ003|12.0|272.0|138.0|134.0|13.0|26875.0|511.0|96.6|30.2|6.8|7.0|6.8|0.19074333800841514|16.1
78|CZ004|3.0|126.0|42.0|84.0|48.5|30415.0|170.0|104.1|18.3|3.2|3.3|3.4|0.06216082881105081|19.9
79|DE001|35.0|1068.0|465.0|603.0|4.9|41317.0|287.0|101.4|16.2|6.1|6.3|5.9|0.0611929181229588|25.1
80|DE002|4.0|760.0|325.0|435.0|13.1|58778.0|440.0|103.1|12.8|4.0|3.9|3.8|0.10567296996662959|13.7
81|DE003|3.0|564.0|180.0|384.0|7.0|77330.0|504.0|113.2|12.9|3.6|3.5|3.1|0.10263876251137398|10.2
82|DE004|8.0|500.0|273.0|227.0|1.0|58015.0|1187.0|104.1|14.2|2.4|2.4|2.2|0.3076923076923077|20.6
83|DE005|11.0|697.0|172.0|525.0|4.2|68386.0|598.0|103.2|13.3|3.4|3.2|2.9|0.16216845044206607|26.7
84|DE007|8.0|638.0|145.0|493.0|6.7|64253.0|731.0|102.1|13.3|3.5|3.3|3.1|0.1747945205479452|30.1
85|DE008|24.0|365.0|126.0|238.0|6.6|38637.0|248.0|97.3|15.2|1.1|1.2|1.3|0.0918932527693857|10.3
86|DE009|25.0|447.0|109.0|338.0|9.6|36068.0|228.0|95.6|14.7|1.6|1.6|1.9|0.07671185858932555|23.0
87|DE011|9.0|392.0|157.0|235.0|1.3|69574.0|1265.0|99.7|14.5|1.9|1.9|1.9|0.32666666666666666|10.7
88|DE012|8.0|384.0|126.0|258.0|10.3|47410.0|210.0|100.4|12.8|1.5|1.5|1.5|0.06526172671651938|6.8
89|DE013|15.0|391.0|115.0|276.0|4.6|50730.0|429.0|99.3|12.6|1.6|1.6|1.6|0.1316941731222634|16.6
90|DE014|11.0|354.0|157.0|197.0|8.9|55292.0|443.0|102.1|13.3|1.6|1.6|1.6|0.12077789150460594|22.8
91|DE017|12.0|82.0|82.0||0.3|48161.0|1263.0|102.2|13.2|0.4|0.4|0.4|0.3166023166023166|20.2
92|DE018|17.0|182.0|58.0|123.0|5.0|36742.0|266.0|90.1|14.8|0.5|0.5|0.6|0.1156289707750953|10.2
93|DE019|17.0|224.0|67.0|158.0|8.9|37674.0|119.0|92.2|14.9|0.5|0.6|0.7|0.05384615384615385|7.1
94|DE020|9.0|115.0|59.0|56.0|4.0|58724.0|447.0|100.1|11.8|0.6|0.6|0.6|0.11330049261083744|30.4
95|DE021|10.0|149.0|27.0|122.0|12.7|39794.0|151.0|91.1|10.7|0.5|0.6|0.6|0.04933774834437086|31.8
96|DE025|12.0|148.0|40.0|107.0|5.5|52733.0|558.0|102.4|12.6|0.6|0.6|0.5|0.18974358974358974|51.6
97|DE026|3.0|108.0|31.0|77.0|41.7|37513.0|206.0|106.2|11.7|0.3|0.3|0.3|0.08852459016393442|45.2
98|DE027|5.0|167.0|37.0|130.0|11.9|45707.0|284.0|105.3|11.0|0.8|0.8|0.7|0.0755656108597285|48.9
99|DE028|6.0|162.0|38.0|123.0|16.5|57278.0|174.0|107.3|14.7|0.6|0.6|0.5|0.06390532544378698|2.2
100|DE031|8.0|136.0|24.0|112.0|52.1|34081.0|62.0|88.8|12.6|0.3|0.4|0.4|0.027823240589198037|23.0
101|DE032|7.0|229.0|69.0|161.0|28.1|38503.0|182.0|94.2|12.5|0.6|0.6|0.7|0.08026638626007711|7.2
102|DE033|3.0|197.0|52.0|146.0|11.1|45327.0|324.0|105.1|13.3|0.8|0.8|0.8|0.09869739478957916|27.0
103|DE034|10.0|267.0|82.0|185.0|2.2|54755.0|692.0|101.6|11.9|1.2|1.1|1.0|0.206656346749226|29.7
104|DE035|15.0|250.0|74.0|176.0|4.5|57255.0|579.0|104.3|12.3|0.9|0.9|0.8|0.19888623707239458|31.0
105|DE036|10.0|68.0|68.0||0.4|40287.0|1496.0|97.1|13.4|0.3|0.3|0.3|0.4|8.0
106|DE037|9.0|138.0|44.0|94.0|16.3|56528.0|585.0|108.0|12.0|0.5|0.5|0.4|0.19630156472261737|3.5
107|DE038|8.0|1508.0|946.0|562.0|1.1|40153.0|1137.0|94.2|15.1|6.0|6.2|6.5|0.34017595307917886|18.5
108|DE039|1.0|149.0|40.0|109.0|39.7|41644.0|188.0|100.1|13.0|0.8|0.8|0.8|0.04438486744116771|14.4
109|DE040|4.0|312.0|50.0|262.0|4.6|46719.0|520.0|92.1|11.6|0.9|1.0|1.1|0.203125|53.7
110|DE042|5.0|150.0|36.0|114.0|27.7|55277.0|345.0|100.5|11.6|0.4|0.4|0.4|0.16286644951140064|36.1
111|DE043|7.0|107.0|40.0|67.0|28.9|37273.0|115.0|96.0|13.0|0.5|0.5|0.5|0.02979671400724032|33.5
112|DE044|5.0|121.0|31.0|90.0|54.7|36565.0|201.0|94.4|11.0|0.3|0.3|0.3|0.08943089430894309|64.5
113|DE045|4.0|124.0|25.0|99.0|3.6|43592.0|393.0|91.0|13.9|0.5|0.5|0.5|0.1169811320754717|43.5
114|DE052|0.0|76.0|16.0|59.0|48.5|38429.0|137.0|99.0|12.3|0.4|0.3|0.4|0.03732809430255403|12.8
115|DE054|2.0|82.0|12.0|70.0|9.2|42498.0|332.0|102.7|11.7|0.3|0.3|0.3|0.1003671970624235|39.0
116|DE057|10.0|92.0|24.0|69.0|7.1|42979.0|298.0|100.1|13.8|0.3|0.3|0.3|0.10772833723653395|27.7
117|DE061|9.0|136.0|20.0|117.0|20.9|48334.0|250.0|98.9|11.9|0.5|0.5|0.4|0.09220338983050848|37.0
118|DE064|9.0|98.0|15.0|84.0|62.1|31546.0|48.0|85.6|14.2|0.3|0.3|0.4|0.017866909753874203|12.8
119|DE069|2.0|94.0|13.0|82.0|15.8|42963.0|210.0|105.0|12.4|0.4|0.4|0.4|0.06368563685636856|13.8
120|DE073|8.0|172.0|19.0|153.0|12.6|48019.0|222.0|101.1|11.7|0.5|0.5|0.5|0.09257265877287406|30.5
121|DE074|36.0|92.0|13.0|80.0|20.6|30942.0|124.0|81.2|15.1|0.3|0.3|0.4|0.04364326375711575|7.1
122|DE077|8.0|133.0|16.0|117.0|28.4|50706.0|133.0|95.5|11.8|0.3|0.3|0.4|0.06610337972166998|21.2
123|DE079|4.0|105.0|20.0|85.0|9.2|40443.0|236.0|95.6|14.6|0.3|0.3|0.3|0.09868421052631579|32.7
124|DE084|11.0|495.0|188.0|307.0|8.8|54780.0|563.0|98.7|13.1|1.4|1.4|1.4|0.24240940254652302|9.7
125|DE504|10.0|164.0|74.0|89.0|2.3|55885.0|363.0|107.2|13.7|0.6|0.7|0.5|0.11598302687411598|11.1
126|DE507|3.0|138.0|47.0|91.0|1.8|45525.0|769.0|98.9|9.7|0.7|0.7|0.6|0.1954674220963173|22.2
127|DE510|3.0|120.0|52.0|68.0|9.0|39819.0|257.0|98.8|12.3|0.5|0.5|0.6|0.07523510971786834|18.7
128|DE513|11.0|125.0|45.0|80.0|7.2|47197.0|306.0|97.0|12.8|0.5|0.5|0.6|0.08941344778254649|31.5
129|DE517|7.0|153.0|44.0|108.0|6.9|43944.0|226.0|97.9|12.6|0.7|0.6|0.6|0.06839517210549843|14.4
130|DE520|7.0|150.0|43.0|107.0|5.4|41003.0|213.0|104.6|13.5|0.5|0.5|0.5|0.079155672823219|4.7
131|DE522|11.0|225.0|33.0|192.0|8.0|47201.0|585.0|102.8|12.5|0.8|0.9|0.8|0.1924721984602224|47.4
132|DE523|10.0|96.0|44.0|53.0|3.4|44218.0|239.0|102.2|13.2|0.4|0.4|0.3|0.07710843373493977|15.4
133|DE524|9.0|248.0|35.0|213.0|27.7|47052.0|163.0|98.0|13.9|0.6|0.6|0.6|0.08112528622832843|16.0
134|DE527|4.0|89.0|27.0|61.0|16.6|34519.0|144.0|93.9|12.9|0.4|0.4|0.4|0.04174484052532833|8.3
135|DE529|9.0|165.0|31.0|134.0|10.6|62833.0|370.0|100.9|14.2|0.6|0.6|0.5|0.13772954924874792|14.7
136|DE532|2.0|175.0|49.0|126.0|16.2|53227.0|238.0|102.4|13.8|0.6|0.6|0.5|0.08789552988448016|17.6
137|DE533|13.0|87.0|22.0|65.0|9.3|42834.0|463.0|100.2|11.5|0.4|0.4|0.4|0.12965722801788376|57.0
138|DE534|4.0|180.0|37.0|143.0|14.8|74869.0|164.0|107.2|13.5|0.6|0.6|0.5|0.06324666198172874|12.8
139|DE537|3.0|77.0|26.0|51.0|9.8|49758.0|253.0|99.3|12.1|0.4|0.3|0.3|0.07057745187901009|30.1
140|DE540|4.0|157.0|29.0|129.0|32.2|43119.0|228.0|93.0|10.6|0.5|0.5|0.5|0.08855047941342357|63.5
141|DE542|12.0|97.0|27.0|71.0|14.6|34076.0|228.0|93.7|12.3|0.3|0.3|0.4|0.08043117744610281|19.7
142|DE544|13.0|100.0|27.0|72.0|10.1|35359.0|344.0|86.2|12.6|0.4|0.4|0.5|0.10548523206751055|9.5
143|DE546|6.0|64.0|64.0||0.3|45432.0|2049.0|93.7|14.7|0.4|0.4|0.4|0.38095238095238093|32.6
144|DE548|5.0|121.0|27.0|94.0|5.8|35037.0|273.0|96.2|11.4|0.3|0.3|0.3|0.1288604898828541|8.1
145|DE549|7.0|151.0|25.0|127.0|4.7|43000.0|256.0|101.3|12.8|0.5|0.5|0.4|0.10641296687808316|3.1
146|DK001|1.0|455.0|63.0|392.0|16.4|57449.0|569.0|107.9|12.6|32.8|33.6|29.3|0.14077970297029702|5.9
147|DK002|0.0|166.0|89.0|77.0|34.3|41239.0|206.0|108.7|11.5|8.8|9.2|7.3|0.0695142378559464|5.8
148|DK003|0.0|145.0|63.0|82.0|43.0|37448.0|156.0|104.1|12.4|6.4|6.6|6.8|0.060644081974069425|3.4
149|DK004|3.0|119.0|71.0|48.0|43.1|40172.0|95.0|105.6|10.7|5.3|5.6|5.4|0.03644716692189893|7.2
150|EE001|21.0|52.0|52.0||0.2|28352.0|3603.0|109.0|8.6|45.7|44.3|38.6|0.3270440251572327|31.8
151|EL001|361.0|454.0|454.0||1.5|36483.0|1889.0|98.6|18.2|32.1|34.5|31.0|0.23486808070356957|12.9
152|EL002|190.0|128.0|128.0||1.0|22005.0|387.0|103.6|16.1|10.0|10.0|8.8|0.0463768115942029|10.3
153|ES001|172.0|1002.0|535.0|467.0|2.5|44926.0|845.0|122.0|10.1|14.9|14.5|13.0|0.12710896866675123|14.9
154|ES002|40.0|538.0|260.0|278.0|2.8|39127.0|1869.0|114.4|13.1|11.0|10.4|10.6|0.2048743335872049|21.6
155|ES003|224.0|226.0|83.0|143.0|3.7|31151.0|988.0|115.7|10.7|3.8|3.7|3.6|0.12995974698102358|2.3
156|ES004|443.0|207.0|94.0|113.0|2.9|26805.0|328.0|112.9|12.4|3.8|3.4|2.8|0.04412705180132168|0.0
157|ES005|192.0|78.0|57.0|21.0|3.4|36641.0|273.0|114.9|10.7|1.6|1.6|1.8|0.028219971056439943|2.7
158|ES006|228.0|114.0|84.0|29.0|2.0|24345.0|558.0|120.0|11.1|2.0|1.9|1.6|0.07480314960629922|14.1
159|ES007|443.0|41.0|24.0|17.0|1.3||515.0|123.9|12.8|1.5|1.3|1.1|0.03413821815154038|13.6
160|ES008|6.0|34.0|31.0|2.0|2.4|26276.0|843.0|106.3|6.9|1.3|1.5|1.1|0.045033112582781455|11.2
161|ES009|65.0|75.0|39.0|36.0|5.6|34121.0|368.0|109.5|10.4|0.8|0.9|1.0|0.06482281763180639|13.7
162|ES010|271.0|90.0|44.0|46.0|4.9|37899.0|331.0|121.8|8.9|1.5|1.5|1.2|0.04455445544554455|13.9
163|ES012|5.0|63.0|38.0|25.0|7.1|51666.0|168.0|113.0|8.3|0.6|0.6|0.6|0.039399624765478425|24.2
164|ES013|1.0|55.0|22.0|32.0|3.2||337.0|109.5|11.5|0.5|0.7|0.9|0.058886509635974305|42.8
165|ES014|9.0|59.0|14.0|45.0|13.8|40768.0|222.0|121.4|8.5|0.8|0.8|0.8|0.03486997635933806|0.6
166|ES015|3.0|94.0|29.0|65.0|5.5|29939.0|489.0|111.7|10.8|0.8|0.9|1.0|0.10942956926658906|10.5
167|ES019|3.0|130.0|35.0|95.0|5.3|41327.0|749.0|101.2|9.6|1.9|2.1|2.6|0.09665427509293681|31.3
168|ES020|458.0|43.0|35.0|8.0|2.2||193.0|105.3|11.4|0.8|0.8|0.8|0.022970085470085472|17.1
169|ES021|200.0|77.0|57.0|20.0|1.1||1303.0|123.6|10.4|1.0|1.0|1.0|0.21690140845070421|1.1
170|ES022|6.0|183.0|49.0|134.0|3.9|27992.0|404.0|106.4|9.8|1.0|1.2|1.3|0.1356560415122313|28.2
171|ES023|2.0|53.0|39.0|14.0|1.0||574.0|102.5|11.9||||0.10095238095238095|22.4
172|ES025|0.0|14.0|10.0|4.0|2.6|29602.0|771.0|109.5|6.7|1.0|1.1|0.9|0.021341463414634148|28.1
173|ES026|0.0|122.0|24.0|98.0|2.9||554.0|110.5|11.7|0.7|0.9|1.1|0.16331994645247658|15.8
174|ES501|105.0|84.0|16.0|68.0|8.0|24568.0|346.0|120.2|14.5|1.3|1.2|1.1|0.051756007393715345|15.6
175|ES505|385.0|53.0|45.0|8.0|0.8||674.0|119.4|12.2||||0.13730569948186527|1.2
176|ES510|2.0|40.0|18.0|22.0|3.9||1015.0|103.9|8.1|0.7|0.7|0.8|0.12084592145015106|39.8
177|ES532|138.0|25.0|19.0|6.0|1.1||611.0|100.9|12.1||||0.05813953488372093|31.8
178|ES533|152.0|52.0|31.0|20.0|2.6||447.0|143.3|9.0||||0.0755813953488372|19.4
179|FI001|13.0|297.0|196.0|101.0|1.1|55914.0|302.0|113.7|7.7|26.7|27.3|21.0|0.06335324232081911|50.4
180|FI002|12.0|55.0|27.0|29.0|2.8|39109.0|62.0|111.1|7.2|7.9|7.9|7.8|0.008015155931215389|65.9
181|FI003|11.0|37.0|19.0|17.0|4.6|38809.0|81.0|105.3|6.7|6.1|6.4|6.8|0.008509659613615455|42.9
182|FI004|5.0|48.0|40.0|7.0|3.2|35659.0|35.0|109.1|5.3|5.7|4.5|3.8|0.006729286415253049|82.2
183|FR001|7.0|2736.0|1378.0|1358.0|14.5|65725.0|724.0|108.2|13.8|20.5|20.1|14.9|0.15559599636032756|14.3
184|FR003|4.0|629.0|162.0|467.0|16.0|50123.0|567.0|112.6|14.5|3.2|3.1|2.8|0.1743831438868866|3.8
185|FR004|24.0|304.0|122.0|183.0|36.4|46366.0|219.0|120.8|11.4|1.9|2.1|1.8|0.0489060489060489|1.5
186|FR006|9.0|339.0|81.0|258.0|33.7|40670.0|373.0|106.9|16.3|1.1|1.3|1.1|0.15878220140515223|18.0
187|FR007|33.0|424.0|146.0|278.0|21.1|39985.0|210.0|116.1|13.1|1.7|1.9|1.8|0.07389334262809341|7.8
188|FR008|7.0|283.0|89.0|195.0|12.2|40722.0|275.0|116.1|11.5|1.5|1.4|1.3|0.08238719068413392|2.7
189|FR009|7.0|391.0|170.0|221.0|13.5|34496.0|892.0|101.9|15.2|2.5|2.3|1.9|0.23232323232323232|1.0
190|FR010|52.0|195.0|46.0|149.0|21.1|34444.0|309.0|120.1|12.4|0.9|1.0|1.1|0.08748317631224764|0.9
191|FR011|0.0|172.0|35.0|137.0|20.6|32489.0|303.0|103.7|11.5|0.7|0.7|0.8|0.1085173501577287|30.9
192|FR012|0.0|118.0|57.0|61.0|||331.0||11.4||||0.12368972746331237|3.9
193|FR013|2.0|158.0|30.0|129.0|23.3|39918.0|227.0|116.3|10.2|1.1|1.0|0.9|0.05350491026075178|0.0
194|FR014|4.0|109.0|26.0|83.0|107.8|31587.0|112.0|102.4|13.0|0.5|0.5|0.5|0.036248752909876954|2.4
195|FR016|5.0|188.0|38.0|150.0|66.9|34275.0|169.0|102.0|11.8|0.7|0.8|0.7|0.06287625418060201|22.6
196|FR017|4.0|136.0|38.0|98.0|||197.0||12.8||||0.07311827956989247|7.4
197|FR018|8.0|238.0|50.0|188.0|86.6|35844.0|110.0|100.5|13.9|0.5|0.5|0.5|0.07503152585119799|1.1
198|FR019|7.0|177.0|48.0|129.0|30.4|37934.0|133.0|107.0|12.1|0.7|0.6|0.7|0.0548497056089247|14.7
199|FR020|7.0|187.0|43.0|144.0|83.1|40056.0|105.0|104.2|12.2|0.6|0.6|0.6|0.04818345787168256|1.0
200|FR021|7.0|64.0|22.0|42.0|39.6|34136.0|109.0|107.2|13.1|0.4|0.4|0.5|0.0256|4.5
201|FR022|3.0|216.0|50.0|166.0|44.4|39610.0|166.0|105.8|10.4|0.7|0.8|0.8|0.07270279367216426|8.2
202|FR023|0.0|166.0|36.0|130.0|75.7|35427.0|189.0|105.6|10.7|0.6|0.7|0.7|0.07239424334932403|0.3
203|FR024|5.0|77.0|34.0|44.0|40.3|33112.0|93.0|105.3|10.0|0.4|0.5|0.6|0.021831584916359514|8.7
204|FR025|5.0|97.0|24.0|73.0|||110.0||12.2||||0.038415841584158415|40.2
205|FR026|0.0|128.0|40.0|88.0|27.1|38617.0|270.0|111.7|14.9|1.0|1.0|0.9|0.05258833196384552|25.6
206|FR028|0.0|48.0|20.0|27.0|||559.0||5.2||||0.08711433756805807|53.4
208|FR032|26.0|196.0|77.0|118.0|6.6|28994.0|508.0|112.7|13.1|0.7|0.8|1.1|0.1882804995196926|22.1
209|FR034|6.0|141.0|34.0|107.0|||486.0||15.5||||0.20704845814977973|3.7
210|FR035|7.0|182.0|63.0|119.0|31.9|35552.0|142.0|107.6|11.9|0.7|0.8|0.8|0.05082379223680536|7.0
211|FR036|6.0|214.0|43.0|171.0|31.9|31828.0|175.0|108.6|12.1|0.7|0.6|0.6|0.0907164052564646|2.8
212|FR037|0.0|160.0|30.0|130.0|||278.0||10.5||||0.12578616352201258|1.7
213|FR038|5.0|147.0|40.0|107.0|40.5|35018.0|153.0|106.1|12.2|0.6|0.5|0.6|0.061712846347607056|4.0
214|FR039|79.0|167.0|34.0|133.0|||363.0||14.6||||0.18596881959910913|1.7
215|FR040|3.0|162.0|44.0|118.0|33.9|33353.0|344.0|106.2|13.0|0.6|0.6|0.6|0.1408695652173913|17.6
216|FR042|4.0|93.0|50.0|44.0|||298.0||13.2||||0.10966981132075472|5.0
217|FR043|22.0|175.0|35.0|140.0|28.0|27169.0|236.0|116.0|10.7|0.6|0.6|0.8|0.1041046995835812|0.0
218|FR044|94.0|133.0|39.0|94.0|||229.0||12.4||||0.09216909216909216|16.2
219|FR045|29.0|63.0|20.0|42.0|||130.0||11.9||||0.028493894165535955|22.8
220|FR046|15.0|55.0|27.0|29.0|||213.0||10.1||||0.046218487394957986|13.4
221|FR048|1.0|90.0|26.0|64.0|||218.0||13.8||||0.07081038552321008|24.3
223|FR203|33.0|291.0|132.0|160.0|3.3|42084.0|1079.0|107.9|16.0|1.8|1.9|2.0|0.2519480519480519|11.5
224|FR205|3.0|218.0|117.0|101.0|14.1|40605.0|327.0|105.7|13.6|1.3|1.5|2.0|0.07084822879428014|16.8
225|FR207|6.0|111.0|59.0|52.0|||945.0||13.3||||0.346875|1.4
226|FR214|12.0|85.0|26.0|59.0|||200.0||13.7||||0.06967213114754098|0.5
227|FR215|2.0|250.0|75.0|175.0|||256.0||13.0||||0.09197939661515821|15.4
229|HU001|58.0|803.0|307.0|496.0|6.8|40586.0|460.0|104.1|21.1|29.8|29.6|30.2|0.12556684910086005|9.1
230|HU002|46.0|74.0|33.0|40.0|||181.0||20.2||||0.044984802431610946|52.0
231|HU005|88.0|100.0|50.0|50.0|7.8|18421.0|166.0|97.5|17.2|3.5|3.4|3.1|0.0496031746031746|32.7
232|HU007|40.0|155.0|55.0|100.0|38.8|32114.0|117.0|103.4|15.5|2.4|2.5|2.3|0.07575757575757576|10.4
233|HU009|42.0|101.0|32.0|69.0|26.4|24544.0|88.0|97.4|16.2|2.7|2.7|2.6|0.033543673198273|3.8
234|IE001|0.0|400.0|90.0|310.0|31.6|74879.0|265.0||9.5|38.4|41.1|35.8|0.05739704405223131|4.9
235|IE002|0.0|101.0|28.0|73.0|52.0|68621.0|128.0||8.6|8.8|9.2|8.7|0.030953110634385536|3.3
236|IT001|48.0|767.0|414.0|353.0|3.6|46520.0|715.0|116.4|17.4|7.3|7.4|6.9|0.12447257383966245|6.6
237|IT002|34.0|1064.0|198.0|866.0|6.2|57481.0|1576.0|109.4|26.9|8.2|8.0|8.3|0.3415730337078652|3.9
238|IT003|100.0|891.0|155.0|736.0|2.9|24009.0|2683.0|102.6|16.4|6.7|5.9|4.3|0.6933852140077821|1.6
239|IT004|18.0|324.0|86.0|238.0|5.0|40650.0|1042.0|105.9|26.2|2.8|2.8|3.2|0.19036427732079905|19.3
240|IT005|183.0|130.0|75.0|54.0|3.0|24220.0|685.0|103.0|16.1|1.8|1.7|1.5|0.08718980549966465|11.6
241|IT006|4.0|63.0|47.0|16.0|6.1|44619.0|591.0|98.3|13.6|1.0|1.1|1.5|0.052675585284280936|51.1
242|IT007|23.0|119.0|42.0|76.0|3.4|48473.0|430.0|107.8|15.4|1.2|1.3|1.5|0.0642548596112311|4.7
243|IT008|224.0|113.0|62.0|50.0|2.9|27150.0|649.0|103.7|13.2|1.2|1.2|1.1|0.1002661934338953|16.1
244|IT009|74.0|185.0|59.0|126.0|4.5|52416.0|379.0|109.9|18.2|1.2|1.2|1.4|0.09108813392417528|5.9
245|IT010|232.0|105.0|48.0|57.0|3.3|24011.0|1047.0|105.8|12.6|1.2|1.1|0.9|0.1721311475409836|2.6
246|IT011|66.0|215.0|75.0|140.0|2.8|40530.0|813.0|106.4|24.2|0.8|0.9|0.9|0.32526475037821484|0.5
247|IT012|24.0|127.0|52.0|75.0|4.0|42597.0|691.0|112.2|23.9|0.9|0.8|0.8|0.17349726775956284|7.9
248|IT016|13.0|77.0|38.0|39.0|||218.0||12.5||||0.05873379099923722|14.9
249|IT022|295.0|105.0|47.0|58.0|5.1|23368.0|392.0|101.5|10.8|0.7|0.7|0.6|0.09971509971509972|1.5
250|IT027|153.0|97.0|27.0|70.0|6.6|30824.0|249.0|103.0|12.9|0.7|0.8|0.7|0.049794661190965095|2.3
251|IT028|60.0|204.0|57.0|147.0|5.8|43270.0|866.0|110.4|25.7|0.9|0.9|0.9|0.3322475570032573|0.0
252|IT029|37.0|131.0|41.0|90.0|||790.0||25.7||||0.21724709784411278|16.5
253|IT030|129.0|80.0|36.0|44.0|||528.0||20.9||||0.11560693641618497|0.2
254|IT032|31.0|82.0|25.0|57.0|||676.0||15.2||||0.21866666666666668|23.1
255|IT501|90.0|41.0|31.0|10.0|||784.0||11.2||||0.12166172106824925|17.0
256|IT502|28.0|57.0|36.0|21.0|3.2|38314.0|681.0|111.3|19.9|0.5|0.5|0.5|0.13902439024390245|18.2
257|IT503|79.0|93.0|37.0|56.0|6.2|47545.0|280.0|113.1|20.8|0.5|0.5|0.6|0.07711442786069651|0.0
258|IT505|81.0|58.0|33.0|25.0|4.6|44422.0|409.0|118.8|20.3|0.5|0.5|0.4|0.08393632416787265|0.0
259|IT508|53.0|65.0|33.0|32.0|4.0|38798.0|701.0|116.0|18.0|0.4|0.4|0.4|0.18207282913165265|0.0
260|IT511|10.0|73.0|21.0|52.0|||1640.0||23.3||||0.3924731182795699|19.5
261|JPN01|206.0|4435.0|3788.0|647.0|0.5|48873.0|3139.0|106.6|15.0|27.6|29.8|23.9|0.39147321034513194|19.4
262|JPN02|170.0|2301.0|2031.0|270.0|0.7|38555.0|1956.0|99.5|14.6|13.9|13.8|12.7|0.2617747440273038|35.8
263|JPN03|131.0|2182.0|1771.0|411.0|0.9|47657.0|1139.0|103.3|13.9|7.5|7.0|5.9|0.2878627968337731|33.5
264|JPN04|166.0|427.0|367.0|60.0|0.9||1778.0|100.8|17.5|2.4|2.3|1.6|0.2820343461030383|34.7
265|JPN05|6.0|304.0|261.0|44.0|0.3||827.0|95.1|10.4|1.6|1.8|1.5|0.11450094161958568|58.6
266|JPN06|87.0|276.0|189.0|88.0|1.0|38551.0|803.0|98.2|11.1|1.3|1.3|1.0|0.14465408805031446|51.3
267|JPN07|220.0|563.0|410.0|153.0|0.9|37224.0|566.0|98.5|13.8|1.3|1.2|1.2|0.20569967117281696|31.9
268|JPN08|73.0|210.0|194.0|16.0|0.5|38950.0|770.0|98.4|12.7|1.3|1.2|1.0|0.11081794195250659|70.3
269|JPN09|166.0|316.0|208.0|108.0|0.9||1347.0|101.2|13.6|1.1|1.1|1.1|0.3107177974434612|30.9
271|JPN11|165.0|235.0|161.0|74.0|1.4|30480.0|575.0|96.4|17.3|1.1|0.9|0.9|0.11463414634146342|12.9
272|JPN12|157.0|376.0|280.0|96.0|0.7|41801.0|529.0|98.1|13.3|0.9|0.9|0.8|0.18314661471018023|41.3
273|JPN13|82.0|310.0|230.0|79.0|1.0|40259.0|609.0|97.4|13.7|0.9|0.9|0.8|0.17474633596392333|41.3
274|JPN14|108.0|364.0|217.0|147.0|0.2||570.0|98.0|12.4|0.8|0.8|0.7|0.21089223638470453|4.3
275|JPN15|133.0|209.0|93.0|117.0|0.1||1108.0|93.5|11.8|0.6|0.6|0.6|0.28708791208791207|0.3
276|JPN16|112.0|251.0|120.0|131.0|1.2||503.0|98.5|13.3|0.8|0.7|0.6|0.14085297418630752|19.2
277|JPN17|110.0|188.0|122.0|66.0|1.2|41439.0|439.0|97.8|13.5|0.6|0.6|0.5|0.1203585147247119|56.1
278|JPN18|153.0|117.0|100.0|17.0|0.8|35184.0|388.0|95.9|14.6|0.6|0.6|0.6|0.06087408949011446|45.5
279|JPN19|298.0|135.0|101.0|33.0|0.4||711.0|93.6|17.4|0.6|0.6|0.5|0.13043478260869565|48.3
280|JPN20|149.0|243.0|168.0|75.0|1.0||616.0|99.5|14.4|0.6|0.6|0.5|0.20385906040268456|47.9
281|JPN21|159.0|207.0|115.0|92.0|1.2||536.0|97.6|12.7|0.6|0.6|0.5|0.15310650887573965|7.3
282|JPN22|77.0|140.0|140.0||0.1||508.0|98.0|12.6|0.6|0.6|0.6|0.0989399293286219|84.0
283|JPN23|140.0|311.0|212.0|99.0|0.6||609.0|105.2|13.2|0.6|0.5|0.5|0.278673835125448|21.2
284|JPN24|237.0|100.0|63.0|37.0|0.6||817.0|91.6|17.4|0.5|0.5|0.5|0.125|55.1
285|JPN25|103.0|145.0|140.0|5.0|0.8||671.0|93.6|13.2|0.5|0.5|0.5|0.15104166666666666|62.6
286|JPN26|68.0|201.0|130.0|70.0|1.0|40684.0|307.0|95.4|13.0|0.5|0.5|0.5|0.10249872514023457|67.2
287|JPN27|15.0|171.0|81.0|90.0|1.8|36530.0|357.0|94.5|13.5|0.5|0.5|0.5|0.10178571428571428|55.0
288|JPN28|253.0|222.0|133.0|89.0|0.8|35844.0|726.0|96.0|13.9|0.5|0.5|0.5|0.2727272727272727|37.4
289|JPN29|14.0|115.0|77.0|38.0|1.5||364.0|94.9|13.3|0.5|0.5|0.5|0.07098765432098765|66.3
290|JPN30|143.0|282.0|108.0|174.0|2.4|38914.0|515.0|92.9|13.5|0.4|0.5|0.5|0.24845814977973568|24.2
291|JPN31|80.0|123.0|104.0|19.0|1.4||599.0|98.0|13.0|0.5|0.4|0.4|0.12974683544303797|56.2
292|JPN32|64.0|189.0|75.0|113.0|1.4|37565.0|243.0|95.2|13.8|0.5|0.4|0.4|0.08125537403267412|62.6
293|JPN33|174.0|156.0|113.0|43.0|0.9|35550.0|798.0|91.1|13.7|0.4|0.4|0.5|0.22065063649222066|30.4
294|JPN34|66.0|90.0|62.0|29.0|1.4||291.0|91.0|12.2|0.4|0.4|0.4|0.05084745762711865|49.8
295|JPN35|54.0|151.0|71.0|80.0|1.5|30903.0|288.0|90.8|14.1|0.4|0.4|0.4|0.08337934842628382|57.0
296|JPN36|159.0|159.0|108.0|51.0|1.2||357.0|95.3|15.9|0.4|0.4|0.4|0.11212976022566996|50.7
297|JPN37|20.0|84.0|53.0|31.0|1.7||130.0|90.9|10.6|0.3|0.3|0.3|0.026160074743070694|75.7
298|JPN38|104.0|191.0|117.0|74.0|1.1||659.0|98.0|13.5|0.4|0.4|0.4|0.26750700280112044|48.9
299|JPN39|52.0|77.0|52.0|25.0|1.3||280.0|91.0|12.0|0.3|0.3|0.4|0.048458149779735685|66.1
300|JPN40|7.0|106.0|57.0|49.0|1.8||232.0|94.9|12.8|0.4|0.3|0.3|0.05659369994660972|78.6
301|JPN41|35.0|93.0|52.0|41.0|1.6||378.0|91.1|11.3|0.3|0.3|0.3|0.08274021352313167|60.5
302|JPN42|176.0|108.0|71.0|37.0|1.2||942.0|101.2|16.2|0.4|0.3|0.3|0.24161073825503357|18.2
303|JPN43|44.0|88.0|64.0|24.0|1.5||263.0|87.6|11.2|0.3|0.3|0.3|0.056810845706907684|70.6
304|JPN44|5.0|99.0|79.0|20.0|2.0||165.0|95.1|11.4|0.3|0.3|0.3|0.04087530966143683|59.9
305|JPN45|188.0|99.0|67.0|32.0|1.3||1160.0|104.7|13.5|0.4|0.3|0.2|0.3018292682926829|11.8
306|JPN46|103.0|109.0|103.0|6.0|0.7||482.0|97.9|13.0|0.3|0.3|0.3|0.13053892215568863|60.4
307|JPN47|141.0|139.0|139.0||0.8||615.0|97.3|13.2|0.3|0.3|0.3|0.22275641025641027|59.0
308|JPN48|8.0|73.0|50.0|23.0|0.9||272.0|95.1|10.5|0.2|0.3|0.3|0.05645784996133024|79.3
309|JPN49|41.0|93.0|63.0|30.0|1.8||303.0|89.6|10.5|0.3|0.3|0.3|0.08408679927667269|37.8
310|JPN50|111.0|84.0|46.0|38.0|1.2||332.0|97.6|12.4|0.2|0.3|0.3|0.08571428571428572|59.5
311|JPN51|22.0|71.0|64.0|7.0|1.2||237.0|89.6|10.8|0.2|0.3|0.3|0.05243722304283604|74.1
312|JPN52|151.0|64.0|64.0||0.4||387.0|92.4|11.4|0.2|0.2|0.3|0.08913649025069638|59.2
313|JPN53|10.0|68.0|40.0|27.0|1.9||112.0|95.1|11.7|0.2|0.2|0.2|0.02867988190636862|40.1
314|JPN54|92.0|68.0|56.0|13.0|1.2||309.0|92.4|12.6|0.2|0.2|0.2|0.08095238095238096|76.3
315|KOR01|77.0|1306.0|1031.0|276.0|0.3|37099.0|3565.0||28.3|47.1|48.1|40.7|0.19518756538633986|28.7
316|KOR02|78.0|349.0|304.0|44.0|0.4|31034.0|1817.0||25.5|8.3|9.0|9.4|0.1392657621707901|38.4
317|KOR03|67.0|138.0|138.0||0.3|23382.0|2826.0||28.5|4.7|5.0|4.8|0.1564625850340136|42.2
318|KOR04|110.0|95.0|86.0|9.0|0.4|28019.0|912.0||27.3|3.5|3.1|3.0|0.05453501722158439|24.6
319|KOR05|72.0|77.0|77.0||0.3|27234.0|2833.0||27.5|3.3|3.1|2.5|0.1423290203327172|41.1
320|KOR06|94.0|101.0|71.0|30.0|0.5||969.0||28.2|2.3|2.3|1.9|0.0855207451312447|37.1
321|KOR07|66.0|80.0|80.0||0.4|70171.0|3069.0||25.4|2.0|2.0|1.2|0.25806451612903225|26.0
322|KOR08|60.0|60.0|57.0|3.0|0.6|38903.0|846.0||29.7|1.9|1.7|1.4|0.05865102639296188|29.2
323|KOR09|67.0|46.0|37.0|9.0|0.4||722.0||33.1|1.6|1.4|1.5|0.04470359572400389|21.2
324|KOR10|77.0|47.0|47.0||0.3||940.0||29.6|1.4|1.2|0.8|0.07378335949764521|34.3
325|KOR11|52.0|27.0|27.0||||1408.0||27.8||||0.06553398058252427|34.1
326|KOR12|70.0|64.0|64.0||0.4||456.0||29.1|1.0|1.0|1.0|0.056189640035118525|53.5
327|KOR13|65.0|47.0|32.0|14.0|0.4||507.0||28.0|1.3|1.1|0.7|0.04396632366697849|30.6
328|KOR14|70.0|25.0|25.0||0.2|31369.0|447.0||23.9|1.1|0.9|0.9|0.024875621890547265|19.1
329|KOR15|72.0|21.0|21.0||0.3||476.0||28.2|0.7|0.7|0.7|0.029411764705882353|28.8
330|KOR16|47.0|21.0|21.0||0.3||374.0||33.4|0.7|0.6|0.6|0.024|63.7
331|KOR17|111.0|26.0|26.0||0.3||596.0||32.3|0.6|0.6|0.7|0.050980392156862744|5.6
332|KOR18|30.0|25.0|25.0||0.4||247.0||29.1|0.5|0.5|0.6|0.022381378692927483|75.4
333|KOR19|109.0|33.0|33.0||0.4||698.0||30.5|0.6|0.5|0.6|0.0829145728643216|4.3
334|KOR20|129.0|19.0|19.0||0.4||303.0||28.9|0.6|0.5|0.6|0.020787746170678335|54.8
335|LT001|33.0|44.0|44.0||3.0|32347.0|1733.0|97.7|15.6|25.0|24.2|19.7|0.11|43.8
336|LT002|37.0|50.0|50.0||2.8|22257.0|2498.0|84.8|14.9|13.3|13.2|13.4|0.3184713375796178|17.9
337|LU001|2.0|213.0|23.0|190.0|19.2|102506.0|213.0|125.5|10.6|99.7|100.4|100.7|0.08217592592592593|28.4
338|LV001|21.0|115.0|79.0|36.0|5.9|33134.0|153.0|89.7|23.0|47.2|47.0|46.3|0.018751019077123756|30.8
339|MEX01|0.0|1408.0|1359.0|49.0|0.3|24425.0|4304.0||25.2|13.9|17.6|17.9|0.3052243659223932|22.8
340|MEX02|156.0|536.0|424.0|111.0|0.2|18477.0|1423.0||20.6|4.0|4.1|3.5|0.15658778848962898|30.0
341|MEX03|659.0|479.0|439.0|41.0|0.4|31276.0|627.0||23.6|3.6|3.9|3.3|0.06602343211578222|34.1
342|MEX04|26.0|301.0|258.0|43.0|1.2||1136.0||23.3|2.1|2.2|1.9|0.13161346742457367|7.0
343|MEX05|0.0|212.0|149.0|63.0|0.7||825.0||20.9|1.8|1.9|1.4|0.08027262400605831|30.5
344|MEX06|146.0|223.0|223.0||0.1||1320.0||17.1|1.4|1.4|0.9|0.17998385794995964|0.2
345|MEX07|17.0|140.0|140.0||0.1||1265.0||22.9|1.4|1.3|0.9|0.11400651465798045|16.9
346|MEX08|13.0|272.0|171.0|101.0|0.7|21532.0|246.0||23.2|1.2|1.3|1.0|0.0451527224435591|27.8
347|MEX09|1461.0|277.0|208.0|69.0|3.8|14506.0|110.0||20.9|1.1|1.2|1.3|0.021396570369226015|53.8
348|MEX10|864.0|183.0|183.0||0.1||390.0||19.4|1.2|1.2|0.8|0.05143338954468803|0.0
349|MEX11|16.0|142.0|129.0|13.0|0.7||171.0||25.0|1.1|1.1|1.0|0.018664563617245004|7.0
350|MEX12|648.0|84.0|84.0||0.3||275.0||20.9|1.0|1.0|0.9|0.01957585644371941|5.9
351|MEX13|1541.0|28.0|28.0||0.1||63.0||31.3|0.8|0.9|0.8|0.0017833259028087382|0.5
352|MEX14|277.0|143.0|123.0|19.0|0.8|12830.0|822.0||21.2|0.7|0.8|0.9|0.11956521739130435|30.4
353|MEX15|1267.0|102.0|81.0|21.0|0.4||290.0||23.6|0.7|0.8|0.6|0.031549644293226105|24.9
354|MEX16|1344.0|55.0|55.0||0.1||143.0||17.8|0.7|0.8|0.7|0.008684667614084951|46.5
355|MEX17|1.0|98.0|81.0|17.0|0.5||451.0||20.5|0.7|0.8|0.7|0.0482520925652388|46.7
356|MEX18|423.0|87.0|87.0||0.1||103.0||21.4|0.7|0.8|0.7|0.010342368045649072|16.2
357|MEX19|950.0|131.0|104.0|27.0|0.7||596.0||22.6|0.6|0.8|0.9|0.08984910836762688|6.7
358|MEX20|1763.0|84.0|84.0||0.1||50.0||20.5|0.7|0.7|0.6|0.004936530324400564|0.2
359|MEX21|38.0|99.0|99.0||0.1|19509.0|739.0||22.0|0.7|0.7|0.6|0.08361486486486487|0.2
360|MEX22|1493.0|104.0|104.0||0.1||469.0||17.6|0.7|0.7|0.6|0.059873344847438115|51.3
361|MEX23|1154.0|95.0|95.0||0.5||385.0||21.7|0.6|0.7|0.8|0.04472693032015066|8.7
362|MEX24|13.0|67.0|44.0|23.0|6.5||378.0||22.0|0.6|0.7|0.7|0.03127917833800187|20.8
363|MEX25|1350.0|149.0|123.0|26.0|0.3||158.0||21.6|0.7|0.6|0.4|0.03136842105263158|0.1
364|MEX26|192.0|87.0|50.0|37.0|1.5||570.0||22.0|0.6|0.7|0.7|0.06313497822931785|60.4
365|MEX27|97.0|86.0|86.0||0.1||139.0||21.7|0.7|0.7|0.5|0.015237420269312544|19.1
366|MEX28|1618.0|42.0|42.0||0.1||342.0||19.9|0.6|0.6|0.3|0.019820670127418595|83.9
367|MEX29|14.0|104.0|80.0|24.0|0.5||542.0||22.8|0.5|0.5|0.4|0.08843537414965986|18.8
368|MEX30|20.0|36.0|36.0||0.2||68.0||20.1|0.5|0.5|0.5|0.0038597619813444837|49.3
369|MEX31|340.0|77.0|77.0||0.2||1789.0||27.1|0.5|0.5|0.4|0.228486646884273|40.7
370|MEX32|1.0|106.0|65.0|41.0|1.7||366.0||23.9|0.5|0.5|0.4|0.066126013724267|5.6
371|MEX33|39.0|71.0|69.0|3.0|0.3||633.0||23.2|0.5|0.5|0.4|0.07751091703056769|6.5
372|MEX34|1691.0|50.0|43.0|7.0|0.4||67.0||17.6|0.4|0.5|0.5|0.006098304671301378|8.8
373|MEX35|1278.0|79.0|79.0||0.2||111.0||22.2|0.4|0.4|0.3|0.016978293574038256|0.0
374|MEX36|640.0|101.0|101.0||0.2||9.0||19.0|0.4|0.4|0.4|0.0018948632321488875|7.1
375|MEX37|865.0|94.0|30.0|64.0|0.8||205.0||22.6|0.4|0.4|0.5|0.03716884143930407|8.7
376|MEX38|697.0|42.0|35.0|6.0|0.4||215.0||17.0|0.4|0.4|0.3|0.01953488372093023|77.0
377|MEX39|8.0|39.0|24.0|15.0|3.1||583.0||22.4|0.4|0.4|0.5|0.047044632086851626|70.0
378|MEX40|1024.0|32.0|32.0||0.2||191.0||17.9|0.4|0.4|0.4|0.012578616352201259|62.6
379|MEX41|1696.0|25.0|25.0||0.2||89.0||18.8|0.3|0.4|0.4|0.005107252298263534|57.7
380|MEX42|1430.0|59.0|59.0||0.3||324.0||21.3|0.4|0.3|0.3|0.04800650935720097|0.5
381|MEX43|13.0|36.0|30.0|6.0|2.0||111.0||20.5|0.3|0.3|0.2|0.00989282769991756|0.0
382|MEX44|1107.0|58.0|55.0|3.0|0.8||452.0||22.9|0.3|0.3|0.3|0.07388535031847134|34.8
383|MEX45|1521.0|38.0|38.0||0.3||354.0||24.8|0.3|0.3|0.3|0.038539553752535496|55.9
384|MEX46|440.0|34.0|34.0||0.3||233.0||25.6|0.3|0.3|0.3|0.02312925170068027|59.7
385|MEX47|0.0|50.0|35.0|14.0|3.5||978.0||23.6|0.3|0.3|0.3|0.14367816091954022|11.6
386|MEX48|14.0|37.0|30.0|7.0|1.4||797.0||23.8|0.3|0.3|0.3|0.08447488584474885|67.5
387|MEX49|145.0|23.0|23.0||0.3||326.0||19.2|0.3|0.3|0.3|0.022593320235756387|75.6
388|MEX50|10.0|33.0|31.0|2.0|1.4||378.0||22.3|0.3|0.3|0.2|0.03556034482758621|18.3
389|MEX51|1023.0|35.0|32.0|3.0|1.5||129.0||22.7|0.3|0.3|0.3|0.013318112633181126|21.4
390|MEX52|350.0|57.0|31.0|27.0|0.9||498.0||21.8|0.3|0.3|0.3|0.0871559633027523|10.1
391|MEX53|469.0|36.0|26.0|10.0|0.9||82.0||17.2|0.3|0.3|0.2|0.009081735620585268|80.9
392|MEX54|1034.0|57.0|57.0||0.6||182.0||22.7|0.3|0.3|0.2|0.033216783216783216|8.7
393|MEX55|832.0|18.0|18.0||0.4||72.0||14.6|0.2|0.2|0.1|0.004775802600159193|58.6
394|MEX56|709.0|40.0|40.0||0.7||277.0||20.1|0.2|0.3|0.2|0.03849855630413859|55.0
395|MEX57|1020.0|2.0|2.0||0.4||17.0||15.9|0.2|0.2|0.2|0.00012571500408573762|17.3
396|MEX58|1427.0|40.0|40.0||0.4||87.0||21.4|0.2|0.2|0.2|0.012266176019625881|77.9
397|MEX59|501.0|51.0|51.0||0.4||398.0||16.1|0.2|0.2|0.1|0.07456140350877193|69.0
398|MEX60|42.0|58.0|58.0||0.4||363.0||22.8|0.2|0.2|0.2|0.0764163372859025|7.1
399|MEX61|1.0|49.0|49.0||0.4||344.0||23.5|0.2|0.2|0.2|0.06322580645161291|11.2
400|MEX62|27.0|34.0|25.0|9.0|0.8||582.0||20.7|0.2|0.2|0.2|0.07456140350877193|65.4
401|MEX63|0.0|25.0|16.0|8.0|1.2||371.0||23.0|0.2|0.2|0.2|0.03692762186115214|13.0
402|MEX64|1369.0|28.0|28.0||0.4||28.0||22.0|0.2|0.2|0.1|0.0032482598607888632|51.1
403|MEX66|1281.0|22.0|22.0||0.4||25.0||21.3|0.2|0.2|0.2|0.0021975826590750177|72.0
404|NL001|4.0|253.0|134.0|119.0|0.9|53652.0|2511.0|110.1|12.4|6.3|6.4|5.6|0.6052631578947368|8.6
405|NL002|3.0|804.0|465.0|339.0|1.8|64460.0|829.0|109.8|12.8|16.4|16.7|14.8|0.2428269405013591|10.8
406|NL003|5.0|674.0|368.0|306.0|2.0|50223.0|849.0|103.4|12.6|11.0|10.9|10.6|0.3129062209842154|3.8
407|NL004|5.0|223.0|83.0|141.0|1.9|60656.0|889.0|111.9|12.7|5.6|5.2|4.5|0.2294238683127572|2.7
408|NL005|7.0|266.0|91.0|175.0|2.7|54733.0|534.0|104.8|11.9|4.2|4.4|4.5|0.19317356572258534|15.5
409|NL006|6.0|94.0|51.0|43.0|1.9|41853.0|713.0|104.7|12.9|1.8|1.8|1.8|0.2175925925925926|18.1
410|NL007|5.0|130.0|35.0|95.0|3.6|59147.0|268.0|104.5|12.4|2.5|2.9|2.8|0.07352941176470588|3.1
411|NL008|6.0|114.0|60.0|54.0|2.0|38736.0|472.0|102.9|12.5|2.5|2.3|2.5|0.13427561837455831|19.4
412|NL009|6.0|129.0|36.0|93.0|2.6|42753.0|688.0|103.3|13.1|2.4|2.5|2.4|0.21287128712871287|40.1
413|NL010|6.0|82.0|57.0|25.0|||871.0||11.1||||0.2469879518072289|9.4
414|NL012|6.0|164.0|53.0|111.0|2.2|47899.0|499.0|104.4|12.8|2.1|2.2|2.3|0.22404371584699453|12.2
415|NL013|6.0|95.0|35.0|60.0|||808.0||12.7||||0.23869346733668342|7.4
416|NL503|6.0|93.0|44.0|49.0|||739.0||12.3||||0.25271739130434784|5.1
417|NL507|2.0|84.0|50.0|34.0|2.6|44682.0|1749.0|106.9|13.5|2.0|2.1|2.0|0.4307692307692308|2.4
418|NL511|5.0|98.0|28.0|71.0|2.9|43846.0|284.0|107.4|11.9|2.3|2.0|2.0|0.07986960065199673|1.5
419|NL514|2.0|103.0|59.0|44.0|2.8|38832.0|599.0|100.9|12.5|1.7|1.6|1.8|0.21775898520084566|1.4
420|NO001|3.0|249.0|80.0|169.0|2.6|62541.0|176.0|122.8|9.0|25.8|26.2|21.8|0.03363501283263542|66.3
421|NO002|0.0|264.0|82.0|182.0|3.5|49896.0|120.0|120.0|6.4|8.1|8.0|7.1|0.07890017931858936|38.9
422|NO003|1.0|27.0|9.0|19.0|3.7|43473.0|40.0|119.7|7.2|5.3|5.4|4.7|0.004045549895115373|52.7
423|NO004|0.0|60.0|21.0|40.0|3.7|55741.0|116.0|126.0|8.2|7.2|6.5|4.8|0.021436227224008574|10.4
424|PL001|30.0|602.0|238.0|365.0|2.9|54733.0|360.0||24.5|8.4|7.9|9.0|0.07000814048145133|21.7
425|PL002|28.0|166.0|118.0|48.0|1.8|29543.0|546.0||28.3|2.0|2.4|3.1|0.0980507974010632|13.0
426|PL003|6.0|332.0|134.0|198.0|3.2|30837.0|372.0||36.4|3.6|3.6|3.9|0.08843899840170485|10.1
427|PL004|53.0|152.0|87.0|65.0|2.2|37447.0|327.0||26.4|2.1|2.3|2.5|0.057488653555219364|12.8
428|PL005|53.0|173.0|79.0|94.0|2.7|41739.0|315.0||22.8|2.7|2.5|2.6|0.05604146420472951|22.1
429|PL006|22.0|185.0|110.0|75.0|2.1|29661.0|435.0||14.3|3.1|3.0|3.2|0.0705030487804878|33.0
430|PL007|33.0|85.0|62.0|23.0|1.4||429.0||17.6|1.1|1.3|1.4|0.07542147293700088|32.3
431|PL008|37.0|79.0|50.0|28.0|2.4|25658.0|239.0||20.3|1.2|1.3|1.4|0.03769083969465649|45.7
432|PL009|36.0|106.0|50.0|56.0|4.9|24037.0|208.0||23.8|1.7|1.7|1.9|0.032939714108141706|12.2
433|PL010|19.0|792.0|342.0|450.0|2.3|28832.0|650.0||34.6|6.1|6.7|7.4|0.2009642222786095|32.1
434|PL011|30.0|57.0|35.0|22.0|3.0|21272.0|192.0||21.0|1.1|1.1|1.1|0.025537634408602152|21.4
435|PL012|7.0|83.0|35.0|47.0|5.0||178.0||24.8|1.0|1.0|1.1|0.03705357142857143|29.0
436|PL013|36.0|58.0|33.0|25.0|3.7||202.0||20.0|0.9|0.8|0.8|0.03656998738965952|40.8
437|PL014|28.0|23.0|16.0|6.0|3.9||128.0||17.8|0.7|0.7|0.6|0.011386138613861386|35.1
438|PL015|25.0|108.0|34.0|73.0|5.1|21478.0|221.0||25.2|1.4|1.3|1.3|0.047182175622542594|1.9
439|PL020|2.0|58.0|20.0|38.0|5.4||200.0||31.9|0.8|0.7|0.6|0.0445468509984639|12.8
440|PL024|16.0|103.0|51.0|52.0|4.7|21731.0|208.0||29.4|0.9|1.1|1.2|0.053229974160206715|6.2
441|PL025|23.0|53.0|38.0|15.0|2.4||421.0||26.8|0.8|0.8|0.7|0.0780559646539028|6.6
442|PL506|6.0|94.0|39.0|55.0|3.8|25530.0|499.0||31.7|1.0|0.9|1.0|0.12824010914051842|31.9
443|PL514|15.0|73.0|26.0|47.0|4.6|16572.0|243.0||30.1|0.8|0.8|0.8|0.058213716108452954|2.9
444|PT001|49.0|635.0|331.0|304.0|0.8|38514.0|679.0|105.8|10.4|30.6|27.5|28.4|0.1469567229807915|14.0
445|PT002|14.0|355.0|266.0|89.0|0.7|26698.0|1362.0|100.7|8.4|12.4|12.9|10.9|0.372507869884575|31.1
446|PT005|21.0|184.0|69.0|114.0|3.3|25669.0|168.0|94.9|12.4|2.3|2.6|3.1|0.11281422440220723|35.7
447|SE001|3.0|347.0|112.0|235.0|1.2|67290.0|304.0|118.6|6.5|24.2|23.2|17.9|0.04908756542651011|45.0
448|SE002|3.0|209.0|209.0||1.5|46582.0|226.0|108.3|7.5|9.9|10.0|9.8|0.04926921263554927|64.6
449|SE003|4.0|177.0|96.0|80.0|1.6|40891.0|346.0|112.8|10.1|6.7|6.6|6.5|0.09577922077922078|15.8
450|SE006|8.0|61.0|45.0|15.0|1.8|45438.0|40.0|117.4|5.3|2.9|2.9|2.6|0.008907710280373831|60.5
451|SI001|1.0|142.0|62.0|81.0|4.7|44130.0|228.0|111.7|20.7|27.3|25.8|24.4|0.060839760068551844|46.1
452|SI002|5.0|95.0|28.0|67.0|12.7|25820.0|149.0|101.1|20.7|14.2|15.8|16.4|0.0437989857076994|42.4
453|SK001|30.0|109.0|109.0||2.7|46946.0|1683.0||18.4|11.0|11.3|12.4|0.2970027247956403|26.3
454|SK002|16.0|58.0|58.0||6.1||1486.0||21.9|7.1|6.7|6.4|0.23770491803278687|34.7
455|UK001|0.0|2050.0|1442.0|609.0|0.5|64873.0|1714.0|114.6|13.0|19.9|19.4|14.1|0.29420206659012627|4.8
456|UK002|0.0|684.0|548.0|136.0|0.4|32812.0|1410.0|108.3|11.7|5.2|4.7|4.5|0.31813953488372093|7.8
457|UK003|0.0|576.0|461.0|116.0|0.3|34466.0|501.0|108.3|11.7|4.2|4.0|3.8|0.11265401916682966|4.0
458|UK004|0.0|333.0|219.0|114.0|0.4|34998.0|534.0|102.4|9.3|2.6|2.9|2.6|0.09895988112927191|11.9
459|UK006|0.0|348.0|263.0|85.0|0.4|31205.0|1521.0|102.3|10.4|2.2|2.4|2.4|0.35080645161290325|4.2
460|UK007|0.0|143.0|75.0|68.0|0.5|51423.0|496.0|109.8|7.9|1.2|1.4|1.2|0.08299477655252467|7.0
461|UK008|0.0|708.0|558.0|150.0|0.4|37912.0|1042.0|107.7|11.8|5.3|5.1|4.7|0.2271414821944177|5.1
462|UK009|0.0|193.0|66.0|127.0|0.4|33038.0|761.0|107.4|11.2|1.4|1.4|1.3|0.1643952299829642|4.7
463|UK010|0.0|308.0|277.0|32.0|0.3|29610.0|920.0|107.7|12.2|1.8|1.8|1.8|0.24483306836248012|7.7
464|UK011|0.0|194.0|76.0|118.0|0.3|45956.0|939.0|111.0|11.6|1.4|1.5|1.4|0.1975560081466395|5.5
465|UK012|0.0|194.0|72.0|121.0|0.5|38626.0|420.0|105.4|11.0|1.3|1.2|1.1|0.10583742498636116|8.8
466|UK013|0.0|268.0|183.0|85.0|0.4|31084.0|212.0|104.1|9.5|1.6|1.8|1.9|0.04940092165898618|6.2
467|UK014|0.0|170.0|47.0|123.0|0.7|36257.0|613.0|112.8|12.5|1.4|1.3|1.2|0.12186379928315412|2.4
468|UK016|0.0|55.0|35.0|20.0|0.4|65606.0|75.0|110.8|7.4|0.7|0.8|0.7|0.0084706607115355|10.3
469|UK017|0.0|86.0|21.0|65.0|0.8|43157.0|232.0|114.3|12.5|0.6|0.6|0.6|0.05402010050251256|0.0
470|UK018|0.0|90.0|22.0|68.0|0.9|32853.0|189.0|108.3|9.8|0.6|0.7|1.0|0.03676470588235294|5.1
471|UK019|0.0|63.0|17.0|46.0|||143.0||11.6||||0.029815428300993846|4.6
472|UK023|0.0|100.0|44.0|56.0|0.8|39526.0|2678.0|108.5|11.2|0.8|0.8|0.8|0.5102040816326531|2.2
473|UK025|0.0|143.0|143.0||0.6|44481.0|855.0|109.4|11.2|1.1|1.1|1.1|0.17589175891758918|1.3
474|UK026|0.0|101.0|48.0|53.0|0.3|30945.0|239.0|105.3|11.1|0.9|0.9|1.0|0.040742234772085516|0.4
475|UK027|0.0|115.0|90.0|25.0|0.6|30497.0|528.0|105.1|12.5|0.7|0.7|0.7|0.13083048919226395|2.4
476|UK029|0.0|198.0|53.0|144.0|0.7|35011.0|978.0|109.3|12.0|1.3|1.4|1.3|0.21951219512195122|4.2
477|UK030|0.0|70.0|70.0||0.3|22971.0|2045.0|101.7||0.5|0.5|0.6|0.445859872611465|1.1
478|UK033|0.0|69.0|37.0|32.0|||432.0||10.7||||0.11201298701298701|22.5
479|UK506|0.0|97.0|97.0||||541.0||12.0||||0.17077464788732394|3.7
480|UK510|0.0|67.0|67.0||0.4|38535.0|1996.0|96.9|9.4|0.4|0.4|0.4|0.4855072463768116|4.2
481|UK513|0.0|64.0|64.0||0.4|28343.0|1393.0|109.2|12.6|0.4|0.4|0.4|0.3333333333333333|2.6
482|UK515|0.0|71.0|35.0|37.0|0.7|36277.0|1057.0|110.9|9.9|0.6|0.7|0.7|0.16985645933014354|0.1
483|UK516|0.0|75.0|45.0|30.0|0.7|31515.0|188.0|107.8|10.0|0.6|0.6|0.7|0.035161744022503515|4.9
484|UK517|0.0|101.0|54.0|47.0|0.5|32194.0|466.0|107.2|10.9|0.6|0.6|0.7|0.12287104622871046|5.9
485|UK518|0.0|121.0|51.0|70.0|0.6|35893.0|704.0|108.0|11.9|0.8|0.7|0.8|0.1776798825256975|1.3
486|UK520|0.0|142.0|66.0|76.0|0.6|42259.0|439.0|108.7|12.1|1.0|1.0|1.1|0.09391534391534391|4.9
487|UK525|0.0|71.0|71.0||0.4|71398.0|832.0|122.3|10.6|0.5|0.4|0.3|0.2305194805194805|2.7
488|UK528|0.0|110.0|49.0|61.0|0.9|40960.0|300.0|111.9|9.0|0.8|0.7|0.7|0.07133592736705577|0.7
489|UK539|0.0|115.0|67.0|47.0|1.0|35968.0|558.0|110.3|9.4|0.7|0.8|1.0|0.12405609492988134|8.3
490|UK546|0.0|90.0|43.0|46.0|0.6|27181.0|462.0|110.2|11.8|0.5|0.5|0.6|0.13353115727002968|1.1
491|UK550|0.0|36.0|22.0|14.0|0.8|33019.0|118.0|103.9|7.3|0.4|0.4|0.5|0.01606425702811245|6.2
492|UK552|0.0|72.0|29.0|43.0|||1471.0||10.5||||0.3287671232876712|1.0
493|UK553|0.0|75.0|26.0|50.0|||669.0||9.1||||0.15527950310559005|1.1
494|UK557|0.0|61.0|48.0|14.0|1.0|31881.0|363.0|104.6|10.3|0.5|0.4|0.4|0.07692307692307693|6.3
495|UK559|0.0|147.0|111.0|36.0|0.7|29324.0|937.0|101.2|9.9|0.9|0.9|0.9|0.24581939799331104|1.9
496|UK560|0.0|110.0|24.0|86.0|0.8|48962.0|270.0|109.8|11.3|0.8|0.8|0.8|0.05711318795430945|0.5
497|UK562|0.0|57.0|28.0|30.0|0.8|42879.0|976.0|106.1|10.5|0.4|0.4|0.4|0.22265625|1.7
498|UK566|0.0|57.0|21.0|36.0|0.8|34670.0|263.0|110.1|12.7|0.6|0.6|0.7|0.03802535023348899|4.2
499|UK568|0.0|164.0|112.0|51.0|0.4|40181.0|358.0|103.6|10.0|0.7|0.7|0.8|0.12103321033210332|2.4
500|UK569|0.0|90.0|27.0|63.0|||228.0||12.5||||0.058900523560209424|1.8
501|USA01|41.0|6239.0|5389.0|850.0|4.2|77896.0|835.0|104.5|8.6|6.0|6.4|6.2|0.2612646566164154|35.4
502|USA02|899.0|6718.0|6718.0||1.7|57831.0|210.0|110.8|10.5|5.7|5.7|4.7|0.08008869602536897|5.7
503|USA03|59.0|5095.0|4409.0|685.0|4.0|63376.0|505.0|104.3|10.3|3.1|3.1|2.7|0.2690784261948772|10.7
504|USA04|116.0|3536.0|2347.0|1189.0|5.1|100433.0|372.0|116.7|8.7|2.8|2.9|2.4|0.1485776713307282|39.3
505|USA05|142.0|2214.0|2080.0|134.0|2.5|100189.0|478.0|110.5|8.4|1.9|2.1|1.9|0.16197234618479772|31.5
506|USA06|79.0|2857.0|1638.0|1219.0|4.8|65767.0|496.0|105.7|9.3|1.9|2.0|2.0|0.22073707795719694|27.0
507|USA07|621.0|3953.0|3267.0|686.0|3.6|60924.0|203.0|128.7|9.8|2.6|2.3|1.6|0.11244488692931304|2.7
508|USA08|738.0|3680.0|2624.0|1056.0|2.7|66334.0|224.0|134.5|11.2|2.4|2.1|1.4|0.1249787739853965|11.2
509|USA09|1127.0|2896.0|2720.0|175.0|2.9|48784.0|379.0|115.9|7.5|1.7|1.9|2.3|0.18058240319261706|8.5
510|USA10|278.0|2768.0|1449.0|1318.0|2.4|59492.0|357.0|127.9|10.2|1.8|1.7|1.2|0.18778833107191317|45.7
511|USA100|698.0|290.0|201.0|88.0|10.0|36577.0|95.0|112.3|8.6|0.1|0.1|0.2|0.0588474025974026|50.7
512|USA101|564.0|215.0|124.0|91.0|9.5|51620.0|47.0|106.2|10.7|0.2|0.1|0.1|0.02227056142531593|57.6
513|USA102|344.0|106.0|106.0||14.7|38590.0|36.0|122.1|13.6|0.2|0.1|0.1|0.00844083452779105|39.9
514|USA103|246.0|252.0|178.0|74.0|2.0|55491.0|269.0|100.9|8.0|0.1|0.1|0.1|0.15300546448087432|21.5
515|USA104|65.0|306.0|306.0||12.0|42338.0|187.0|114.2|9.8|0.1|0.1|0.2|0.12960609911054638|19.3
516|USA105|12.0|258.0|258.0||4.1|32510.0|245.0|94.1|8.4|0.1|0.1|0.1|0.1532976827094474|11.6
517|USA106|690.0|356.0|251.0|105.0|8.0|63391.0|40.0|102.2|9.3|0.1|0.1|0.1|0.03305785123966942|8.7
518|USA107|119.0|202.0|202.0||5.9|58252.0|62.0|109.0|8.1|0.1|0.1|0.1|0.028291316526610644|28.8
519|USA108|646.0|378.0|167.0|211.0|7.9|50485.0|50.0|113.3|8.3|0.1|0.1|0.1|0.043654001616814875|4.8
520|USA109|230.0|145.0|145.0||6.5|54405.0|50.0|105.4|6.2|0.2|0.1|0.1|0.016858504825020347|30.8
521|USA11|31.0|1758.0|1441.0|316.0|2.6|83813.0|648.0|107.1|6.8|1.2|1.4|1.3|0.26380552220888354|58.9
522|USA110|704.0|251.0|251.0||5.1|44705.0|125.0|103.6|9.2|0.1|0.1|0.1|0.07596852300242131|62.6
523|USA111|45.0|243.0|243.0||20.3|43620.0|185.0|109.8|9.6|0.1|0.1|0.1|0.10824053452115813|33.0
524|USA112|1193.0|79.0|79.0||12.2|23941.0|166.0|122.5|11.1|0.2|0.1|0.1|0.03126236644242184|11.4
525|USA113|690.0|207.0|168.0|39.0|4.7|39494.0|57.0|126.8|8.6|0.2|0.1|0.1|0.027871280463174903|16.6
526|USA114|992.0|159.0|139.0|20.0|9.7|50928.0|103.0|111.3|9.8|0.1|0.1|0.1|0.038856304985337244|0.4
527|USA115|6.0|221.0|181.0|40.0|8.5|36163.0|80.0|114.4|5.8|0.1|0.1|0.1|0.044059011164274325|46.3
528|USA116|43.0|265.0|241.0|25.0|3.5|50183.0|154.0|108.9|9.5|0.1|0.1|0.1|0.10243525318902204|3.2
529|USA117|81.0|215.0|182.0|32.0|15.1|55100.0|64.0|102.6|9.1|0.1|0.1|0.1|0.035845281760586864|10.6
530|USA118|32.0|187.0|187.0||6.9|43024.0|250.0|99.5|10.4|0.1|0.1|0.1|0.12425249169435217|12.1
531|USA119|650.0|55.0|44.0|11.0|4.8|41964.0|59.0|115.7|8.9|0.1|0.1|0.1|0.00858034321372855|85.8
532|USA12|1290.0|2059.0|1909.0|150.0|1.9|46344.0|118.0|133.5|8.0|1.5|1.4|1.4|0.054309981008651614|2.1
533|USA120|330.0|185.0|164.0|21.0|4.4|45475.0|141.0|113.3|8.8|0.1|0.1|0.1|0.06781524926686217|52.8
534|USA121|1.0|201.0|201.0||3.4|38484.0|30.0|110.2|6.0|0.1|0.1|0.1|0.016801805567165425|85.1
535|USA122|38.0|228.0|194.0|34.0|5.5|44221.0|165.0|106.0|8.9|0.1|0.1|0.1|0.1097737120847376|8.0
536|USA123|552.0|120.0|106.0|14.0|5.9|49526.0|100.0|125.0|9.4|0.1|0.1|0.1|0.03233629749393695|35.6
537|USA124|186.0|196.0|95.0|100.0|8.9|55819.0|67.0|105.7|10.6|0.1|0.1|0.1|0.03764886669227814|13.6
538|USA125|18.0|164.0|164.0||2.2|56971.0|192.0|109.5|8.8|0.1|0.1|0.1|0.0876068376068376|23.9
539|USA126|543.0|178.0|152.0|26.0|8.7|47098.0|25.0|114.9|7.5|0.1|0.1|0.1|0.012432772228818887|0.6
540|USA127|262.0|201.0|201.0||3.4|58338.0|166.0|124.3|9.1|0.1|0.1|0.1|0.095260663507109|28.9
541|USA128|756.0|334.0|334.0||1.8|24860.0|78.0|127.8|6.9|0.1|0.1|0.2|0.07729692200879426|56.0
542|USA129|107.0|188.0|106.0|82.0|11.6|73283.0|80.0|103.6|8.8|0.1|0.1|0.1|0.04598825831702544|17.4
543|USA13|19.0|2384.0|2046.0|338.0|2.7|53602.0|430.0|96.7|9.7|1.3|1.4|1.4|0.234230693652977|23.6
544|USA130|1080.0|311.0|311.0||4.9|41025.0|65.0|131.4|7.3|0.1|0.1|0.2|0.05820699981283923|64.4
545|USA131|11.0|153.0|153.0||20.4|46118.0|136.0|100.8|9.0|0.1|0.1|0.1|0.06513409961685823|77.7
546|USA132|136.0|137.0|124.0|13.0|10.2|52068.0|64.0|117.1|7.4|0.1|0.1|0.1|0.026442771665701602|0.2
547|USA133|3.0|245.0|171.0|74.0|5.8|40015.0|70.0|123.9|4.5|0.1|0.1|0.1|0.05303030303030303|70.5
548|USA134|285.0|149.0|71.0|77.0|24.3|35015.0|24.0|107.5|9.6|0.1|0.1|0.1|0.011501350829795446|35.2
549|USA135|63.0|136.0|56.0|79.0|7.0|69498.0|64.0|108.0|8.2|0.1|0.1|0.1|0.02763104429093864|20.7
550|USA136|526.0|167.0|101.0|66.0|4.9|42802.0|44.0|110.0|10.4|0.1|0.1|0.1|0.02280797596285168|63.2
551|USA137|6.0|248.0|200.0|48.0|8.6|57745.0|64.0|109.9|8.7|0.1|0.1|0.1|0.050519454063964145|4.8
552|USA138|715.0|187.0|101.0|86.0|8.7|41624.0|48.0|115.0|7.7|0.1|0.1|0.1|0.029064345663661798|61.7
553|USA139|19.0|119.0|119.0||2.5|45761.0|47.0|124.4|5.4|0.1|0.1|0.1|0.017428236672524897|52.1
554|USA14|1.0|1670.0|1670.0||5.4|83055.0|236.0|118.7|5.6|1.1|1.2|1.0|0.10722311396468699|76.4
555|USA140|20.0|111.0|111.0||10.2|71819.0|163.0|112.9|5.6|0.1|0.1|0.1|0.0578125|50.1
556|USA141|485.0|133.0|107.0|26.0|7.6|64853.0|16.0|110.9|7.2|0.1|0.1|0.1|0.007341576506955177|0.3
557|USA142|8.0|185.0|185.0||8.0|63833.0|116.0|107.4|6.0|0.1|0.1|0.1|0.07474747474747474|68.6
558|USA143|8.0|131.0|131.0||7.5|42329.0|133.0|99.6|8.9|0.1|0.1|0.1|0.06244041944709247|37.0
559|USA144|905.0|264.0|264.0||3.4|27244.0|181.0|146.2|6.7|0.1|0.1|0.1|0.1651031894934334|8.5
560|USA145|228.0|192.0|187.0|5.0|3.0|41837.0|131.0|149.0|8.8|0.1|0.1|0.1|0.08315288003464703|33.7
561|USA146|89.0|150.0|150.0||8.1|51074.0|172.0|106.6|7.6|0.1|0.1|0.1|0.0946372239747634|61.2
562|USA147|706.0|151.0|134.0|17.0|11.9|46663.0|38.0|110.9|8.7|0.1|0.1|0.1|0.020491247116298007|4.1
563|USA148|271.0|121.0|121.0||1.0|121011.0|382.0|128.9|8.9|0.1|0.1|0.1|0.15653298835705046|58.5
564|USA149|9.0|122.0|108.0|13.0|14.0|39648.0|84.0|101.6|8.4|0.1|0.1|0.1|0.03871786734370041|71.0
565|USA15|16.0|1663.0|1049.0|614.0|6.0|65988.0|193.0|113.2|7.6|1.1|1.1|0.9|0.09309225257501119|11.9
566|USA150|39.0|171.0|171.0||4.1|47421.0|224.0|100.8|9.6|0.1|0.1|0.1|0.14309623430962343|9.3
567|USA151|13.0|84.0|84.0||11.1|49530.0|234.0|105.9|6.5|0.1|0.1|0.1|0.0724762726488352|76.5
568|USA152|1269.0|79.0|77.0|3.0|15.3|72425.0|22.0|133.4|12.7|0.1|0.1|0.1|0.006238648029692806|1.9
569|USA153|31.0|122.0|81.0|40.0|21.2|73939.0|25.0|124.6|8.0|0.1|0.1|0.1|0.011272290492469741|0.0
570|USA154|622.0|98.0|98.0||9.4|34344.0|52.0|120.9|11.1|0.1|0.1|0.1|0.019088430074016362|0.7
571|USA155|262.0|107.0|74.0|33.0|4.4|46825.0|35.0|139.6|8.7|0.1|0.1|0.1|0.013660155751308566|0.2
572|USA156|81.0|92.0|92.0||9.8|59395.0|27.0|143.6|5.8|0.1|0.1|0.1|0.008832565284178187|0.4
573|USA157|26.0|109.0|109.0||5.0|45151.0|172.0|107.9|8.6|0.1|0.1|0.1|0.07247340425531915|32.5
574|USA158|311.0|121.0|82.0|39.0|13.9|38181.0|32.0|108.1|7.8|0.1|0.1|0.1|0.015536723163841809|43.8
575|USA16|312.0|1307.0|1307.0||1.7|62532.0|294.0|113.3|9.4|1.0|1.1|0.9|0.11818428429333575|15.3
576|USA160|74.0|45.0|45.0||11.3|37975.0|22.0|110.9|7.5|0.1|0.1|0.1|0.004031896783442344|40.7
577|USA161|688.0|123.0|96.0|27.0|5.8|53612.0|38.0|127.1|10.1|0.1|0.1|0.1|0.018165706690296855|13.8
578|USA162|481.0|115.0|101.0|14.0|10.5|40695.0|27.0|114.6|10.1|0.1|0.1|0.1|0.012447234549193636|79.8
579|USA164|51.0|117.0|108.0|9.0|13.1|67125.0|65.0|110.8|8.9|0.1|0.1|0.1|0.031283422459893045|9.4
580|USA165|86.0|138.0|89.0|49.0|15.0|41680.0|44.0|114.6|9.3|0.1|0.1|0.1|0.024647258439006964|5.9
581|USA167|16.0|77.0|77.0||7.5|37418.0|141.0|120.1|8.4|0.1|0.1|0.1|0.04505558806319485|40.5
582|USA169|23.0|95.0|69.0|26.0|24.1|57475.0|21.0|125.9|7.2|0.1|0.1|0.1|0.008248675870452376|0.4
583|USA17|203.0|1505.0|918.0|587.0|9.2|56946.0|186.0|104.3|9.8|0.8|0.8|0.8|0.1075|26.6
584|USA170|251.0|119.0|119.0||9.4|48526.0|107.0|153.8|8.8|0.1|0.1|0.1|0.05187445510026155|36.6
585|USA18|47.0|976.0|973.0|3.0|3.6|63385.0|126.0|122.9|6.4|0.9|0.9|0.7|0.044787077826725405|17.8
586|USA19|790.0|745.0|619.0|127.0|3.2|47475.0|106.0|133.1|9.5|0.8|0.7|0.6|0.03370430691277597|21.0
587|USA20|3.0|962.0|733.0|229.0|4.1|56674.0|142.0|119.0|6.5|0.7|0.7|0.6|0.06086681429927238|52.9
588|USA21|101.0|954.0|440.0|515.0|9.9|57132.0|226.0|106.9|10.7|0.7|0.7|0.6|0.10271317829457365|36.8
589|USA22|471.0|693.0|689.0|4.0|1.9|47227.0|22.0|140.3|7.3|0.7|0.7|0.6|0.00724183334378331|5.6
590|USA23|793.0|1641.0|1075.0|566.0|4.3|47409.0|223.0|135.9|7.2|0.7|0.7|0.7|0.15736478711162255|35.4
591|USA24|201.0|1313.0|928.0|385.0|8.1|57701.0|104.0|112.7|7.7|0.7|0.6|0.6|0.06830004161464835|12.0
592|USA25|86.0|1227.0|783.0|444.0|4.7|63864.0|187.0|117.0|10.2|0.7|0.6|0.5|0.11758505031145185|3.9
593|USA26|29.0|1158.0|800.0|358.0|5.4|57993.0|395.0|96.5|10.1|0.6|0.6|0.7|0.221414913957935|31.7
594|USA27|35.0|1009.0|546.0|463.0|2.3|72648.0|547.0|105.1|7.7|0.5|0.6|0.6|0.30557238037553|68.7
595|USA28|269.0|859.0|448.0|410.0|3.0|64465.0|277.0|139.0|9.3|0.6|0.6|0.5|0.12678966789667898|34.1
596|USA29|126.0|907.0|871.0|36.0|3.7|52674.0|163.0|119.8|8.0|0.7|0.7|0.7|0.06589654170299332|28.2
597|USA30|694.0|832.0|724.0|108.0|3.4|58149.0|151.0|146.9|9.1|0.7|0.6|0.4|0.06411837237977805|22.4
598|USA31|50.0|953.0|606.0|346.0|5.9|56513.0|171.0|117.5|10.2|0.6|0.6|0.5|0.0828191535587034|5.3
599|USA32|13.0|828.0|413.0|415.0|4.1|58278.0|407.0|104.5|9.4|0.5|0.5|0.5|0.21411947245927077|10.4
600|USA33|717.0|1075.0|610.0|465.0|3.1|46011.0|112.0|122.7|8.2|0.5|0.5|0.5|0.07962962962962963|43.0
601|USA34|183.0|699.0|658.0|41.0|4.9|58600.0|48.0|124.3|8.7|0.6|0.5|0.3|0.021694599627560523|25.2
602|USA35|859.0|943.0|577.0|366.0|5.0|38020.0|497.0|110.8|7.6|0.3|0.4|0.7|0.3304134548002803|9.0
603|USA36|168.0|648.0|410.0|238.0|12.0|48371.0|100.0|112.0|10.8|0.4|0.4|0.4|0.047285464098073555|22.9
604|USA37|336.0|231.0|181.0|51.0|3.8|50811.0|119.0|109.6|9.5|0.5|0.4|0.3|0.021103599488397587|24.0
605|USA38|237.0|801.0|388.0|413.0|4.1|66128.0|127.0|124.3|9.2|0.4|0.4|0.4|0.07484582321061484|45.2
606|USA39|500.0|681.0|559.0|122.0|5.5|58416.0|93.0|120.6|8.8|0.4|0.4|0.4|0.04874382649774533|13.8
607|USA40|25.0|907.0|681.0|226.0|4.2|74246.0|301.0|104.8|7.7|0.3|0.4|0.4|0.2252856433184302|61.8
608|USA41|28.0|655.0|543.0|112.0|11.9|68523.0|346.0|97.7|10.5|0.4|0.5|0.5|0.15737626141278233|59.9
609|USA42|757.0|749.0|444.0|305.0|5.3|57517.0|103.0|92.8|8.4|0.4|0.4|0.4|0.06255219642558878|5.0
610|USA43|260.0|670.0|552.0|118.0|1.1|53006.0|194.0|108.4|8.0|0.4|0.4|0.3|0.11074380165289256|32.4
611|USA44|9.0|593.0|452.0|141.0|4.5|53948.0|276.0|97.4|8.1|0.3|0.4|0.4|0.1441419543023821|36.6
612|USA45|421.0|342.0|310.0|31.0|5.3|40925.0|53.0|118.8|13.7|0.4|0.3|0.3|0.01614425981873112|28.6
613|USA46|203.0|470.0|81.0|389.0|3.8|61769.0|100.0|118.7|8.6|0.3|0.4|0.3|0.04187828566336987|28.5
614|USA47|281.0|425.0|365.0|61.0|2.0|54865.0|275.0|150.3|8.8|0.4|0.4|0.3|0.09906759906759907|42.2
615|USA48|349.0|687.0|418.0|269.0|9.1|50927.0|102.0|107.7|10.9|0.3|0.3|0.3|0.0654410363878834|69.5
616|USA49|890.0|821.0|821.0||2.5|55845.0|467.0|128.1|7.8|0.4|0.4|0.4|0.29092841956059534|27.7
617|USA50|1130.0|390.0|390.0||5.4|37852.0|42.0|116.9|6.8|0.3|0.3|0.4|0.01634055390287845|3.5
618|USA51|376.0|714.0|438.0|276.0|10.5|55511.0|55.0|111.6|10.7|0.3|0.3|0.3|0.03851340417498247|11.1
619|USA52|12.0|652.0|295.0|357.0|8.2|58354.0|95.0|105.1|6.8|0.3|0.3|0.3|0.06375281118607608|52.3
620|USA53|23.0|571.0|400.0|171.0|3.3|50917.0|377.0|100.1|7.2|0.3|0.3|0.3|0.22140364482357502|66.2
621|USA54|109.0|300.0|257.0|43.0|10.8|42041.0|26.0|121.3|5.7|0.3|0.3|0.3|0.008351195612838572|22.9
622|USA55|98.0|443.0|255.0|189.0|11.3|61276.0|71.0|116.1|8.4|0.3|0.3|0.2|0.03470698840488875|3.1
623|USA56|12.0|328.0|277.0|51.0|6.7|55823.0|194.0|100.6|7.2|0.2|0.3|0.3|0.07446083995459706|23.6
624|USA57|502.0|360.0|360.0||6.8|57582.0|41.0|128.6|12.9|0.4|0.3|0.2|0.01699074948083821|10.1
625|USA58|103.0|419.0|419.0||2.7|60954.0|175.0|109.9|9.2|0.3|0.3|0.2|0.08685737976782752|32.0
626|USA59|713.0|231.0|231.0|0.0|2.6|34020.0|58.0|121.0|10.2|0.3|0.3|0.2|0.015918958031837915|0.0
627|USA60|624.0|549.0|243.0|306.0|6.4|62980.0|75.0|115.9|9.7|0.3|0.3|0.2|0.05012783053323594|35.1
628|USA61|24.0|403.0|403.0||4.2|48437.0|199.0|107.1|6.3|0.2|0.3|0.3|0.09848484848484848|83.3
629|USA62|1277.0|201.0|201.0||6.7|24786.0|202.0|140.8|10.5|0.4|0.2|0.2|0.048786407766990295|0.2
630|USA63|398.0|499.0|259.0|239.0|5.0|46694.0|89.0|121.7|8.9|0.2|0.3|0.2|0.05698949291914116|69.8
631|USA64|37.0|432.0|395.0|37.0|10.0|49462.0|250.0|112.1|9.5|0.2|0.2|0.3|0.1496881496881497|20.2
632|USA65|915.0|771.0|771.0||5.5|36220.0|205.0|123.3|7.2|0.2|0.2|0.5|0.21152263374485597|28.1
633|USA66|59.0|382.0|300.0|82.0|4.7|49357.0|305.0|98.9|10.2|0.2|0.2|0.2|0.1672504378283713|7.7
634|USA67|251.0|315.0|315.0||3.9|37654.0|192.0|120.4|9.3|0.3|0.2|0.2|0.08511213185625506|1.2
635|USA68|12.0|356.0|324.0|33.0|4.0|54381.0|168.0|107.9|8.7|0.2|0.2|0.2|0.08626120668766658|24.7
636|USA69|513.0|449.0|232.0|217.0|4.4|46611.0|98.0|130.5|8.1|0.2|0.2|0.2|0.06078245566535806|49.4
637|USA70|8.0|212.0|171.0|41.0|8.0|56526.0|102.0|101.5|6.7|0.2|0.2|0.2|0.03290903446134741|34.8
638|USA71|28.0|238.0|236.0|2.0|3.9|46133.0|98.0|123.3|5.5|0.2|0.2|0.2|0.03413165065251685|14.5
639|USA72|123.0|187.0|128.0|59.0|4.5|41445.0|18.0|134.1|6.5|0.2|0.2|0.2|0.004832415949556813|1.0
640|USA73|17.0|433.0|307.0|126.0|3.8|44082.0|206.0|103.5|7.1|0.2|0.2|0.2|0.1416421328099444|79.0
641|USA74|964.0|652.0|652.0||5.5|35802.0|291.0|146.9|7.1|0.2|0.2|0.4|0.28030954428202925|25.8
642|USA75|426.0|329.0|285.0|44.0|7.9|47523.0|63.0|110.3|8.1|0.2|0.2|0.2|0.03483324510322922|0.1
643|USA76|68.0|185.0|149.0|36.0|10.4|67238.0|72.0|124.7|8.3|0.2|0.2|0.2|0.021345332871812624|5.4
644|USA77|39.0|429.0|208.0|221.0|12.0|61284.0|110.0|109.6|10.1|0.2|0.2|0.2|0.08041237113402062|42.9
645|USA78|47.0|368.0|259.0|109.0|6.7|57813.0|224.0|97.8|9.6|0.2|0.2|0.2|0.14614773629864972|16.5
646|USA79|366.0|162.0|136.0|26.0|6.4|52407.0|95.0|115.3|10.7|0.2|0.2|0.2|0.02665789040645055|50.3
647|USA80|21.0|289.0|251.0|38.0|6.8|72200.0|109.0|117.4|8.7|0.2|0.2|0.2|0.05482830582432176|5.8
648|USA81|881.0|542.0|542.0||4.9|37531.0|165.0|114.2|6.4|0.1|0.2|0.3|0.16097416097416098|33.2
649|USA82|29.0|274.0|274.0||5.0|50919.0|498.0|99.6|10.2|0.2|0.2|0.2|0.2516069788797062|33.2
650|USA83|164.0|257.0|178.0|79.0|7.2|47944.0|98.0|112.9|9.2|0.2|0.2|0.2|0.046306306306306305|51.7
651|USA84|151.0|252.0|245.0|7.0|6.1|34937.0|40.0|144.9|7.3|0.3|0.2|0.1|0.017508511081775865|52.0
652|USA85|60.0|416.0|416.0||11.6|47009.0|209.0|112.2|10.3|0.2|0.2|0.2|0.16307330458643668|10.9
653|USA86|435.0|200.0|200.0||5.7|40316.0|134.0|113.9|11.0|0.2|0.2|0.1|0.050903537795876815|7.9
654|USA87|227.0|249.0|164.0|86.0|11.2|36488.0|37.0|117.9|8.4|0.2|0.2|0.2|0.017881508078994614|10.4
655|USA88|146.0|223.0|146.0|77.0|3.0|49705.0|107.0|118.5|9.5|0.2|0.2|0.1|0.045279187817258884|2.6
656|USA89|93.0|134.0|131.0|3.0|6.7|45482.0|35.0|113.8|8.1|0.2|0.2|0.2|0.009336027311363479|32.7
657|USA90|806.0|465.0|465.0||4.7|30173.0|154.0|112.3|6.7|0.1|0.1|0.3|0.1413373860182371|62.3
658|USA91|214.0|270.0|270.0||2.3|62028.0|300.0|119.6|8.8|0.2|0.2|0.2|0.15817223198594024|29.3
659|USA92|24.0|194.0|194.0||7.4|52062.0|121.0|107.2|7.1|0.1|0.2|0.2|0.04704170708050436|44.3
660|USA93|168.0|209.0|162.0|48.0|4.3|53264.0|128.0|114.3|8.6|0.2|0.2|0.2|0.05466910803034266|33.8
661|USA94|120.0|103.0|102.0|1.0|5.1|48631.0|21.0|125.6|7.0|0.1|0.2|0.2|0.004498798864380869|2.9
662|USA95|15.0|271.0|141.0|130.0|7.2|42603.0|106.0|104.3|8.2|0.1|0.2|0.1|0.06099482331757821|10.6
663|USA96|550.0|246.0|154.0|92.0|9.3|41655.0|33.0|105.4|10.6|0.1|0.1|0.1|0.01783901377810007|48.7
664|USA97|141.0|253.0|242.0|11.0|1.3|49942.0|233.0|115.5|9.1|0.1|0.1|0.1|0.12612163509471586|27.8
665|USA98|221.0|251.0|251.0||4.4|53205.0|233.0|124.8|8.9|0.2|0.2|0.1|0.12166747455162386|46.6
666|USA99|23.0|290.0|151.0|139.0|9.6|38427.0|159.0|91.5|9.5|0.1|0.1|0.2|0.10533962949509626|20.8
