|metroId|metropolitanAreas|lat|long|CDD|URB_AREA|URB_AREA_CORE|FRAGMENTATION|POP_DEN|PWM_EX_CORE|T_Y0_14_SH_NAT|T_Y15_64_SH_NAT|T_Y65_MAX_SH_NAT|CONSTR_RAT|TREECOVER_SHARE_CORE|CITY_REL_ROADS|CITY_REL_WATER|CITY_EVAPOTRANS
11|AUS06|Gold Coast|-28.002373100000003|153.4145987|169.0|314.0|137.0|8.5|303.0|5.7|2.3|2.4|2.5|0.16854535695115405|24.5|0.002664189640692562|3.9738821937527464e-05|0.7601020236556847
13|AUS08|Newcastle|54.97384739999999|-1.6131572|115.0|284.0|137.0|8.2|284.0|7.4|1.9|1.9|2.2|0.17963314358001264|34.7|0.0022609145582044767|3.3723605734423465e-05|0.6450463228124732
14|AUS10|Wollongong|-34.4243941|150.89385|24.0|127.0|52.0|7.5|669.0|6.6|1.2|1.2|1.4|0.3038277511961722|44.5|0.000597762356312126|8.916171535097413e-06|0.17054355656901565
15|AUS11|Sunshine Coast|-26.5443222|153.0507705|176.0|131.0|44.0|8.8|374.0|5.3|1.0|1.0|1.3|0.20404984423676012|36.5|0.0009180943367281937|1.3694215611321863e-05|0.26193531894092836
16|AUS14|Geelong|-38.1492813|144.3598269|99.0|167.0|85.0|7.3|61.0|7.9|1.1|1.1|1.4|0.03764652840396754|2.2|0.006343717255025338|9.46223371523735e-05|1.8098832941151997
29|CAN08|Winnipeg|49.8955367|-97.1384584|11.0|301.0|220.0|3.4|62.0|6.3|2.5|2.4|2.2|0.022070684851151195|1.3|1.9043882768889964|0.017173910512306285|2.1826697387962164
30|CAN09|Hamilton|43.2560802|-79.8728583|4.0|285.0|193.0|0.6|220.0|9.3|1.8|1.8|1.9|0.09906152241918666|17.7|1.9043882768889964|0.017173910512306285|2.1826697387962164
31|CAN10|London|51.5073219|-0.1276474|5.0|227.0|131.0|3.7|102.0|8.8|1.6|1.6|1.6|0.0410711054821784|4.7|1.9043882768889964|0.017173910512306285|2.1826697387962164
32|CAN11|Kitchener|43.451291|-80.49278149999999|1.0|194.0|150.0|1.8|220.0|8.7|1.7|1.6|1.4|0.07587016034415331|10.4|1.9043882768889964|0.017173910512306285|2.1826697387962164
33|CAN12|Halifax|44.648618|-63.58594870000001|1.0|115.0|97.0|3.0|45.0|5.8|1.2|1.3|1.2|0.011119706052987817|84.1|1.9043882768889964|0.017173910512306285|2.1826697387962164
34|CAN13|Victoria|-36.5986096|144.6780052|0.0|141.0|68.0|5.4|358.0|5.8|0.9|1.1|1.3|0.13031423290203328|27.2|1.9043882768889964|0.017173910512306285|2.1826697387962164
35|CAN14|Windsor|51.48375775|-0.6040964041849046|7.0|204.0|91.0|1.9|242.0|9.9|1.1|1.1|1.1|0.13076923076923078|6.2|1.9043882768889964|0.017173910512306285|2.1826697387962164
36|CAN15|Saskatoon|52.131802|-106.66076699999999|13.0|51.0|47.0|4.9|74.0|9.5|0.9|0.8|0.6|0.01327779224160375|0.5|1.9043882768889964|0.017173910512306285|2.1826697387962164
37|CAN16|Sherbrooke|45.403271000000004|-71.889038|4.0|89.0|50.0|16.0|52.0|6.9|0.7|0.7|0.8|0.018012548067192876|33.9|1.9043882768889964|0.017173910512306285|2.1826697387962164
44|CL006|Coquimbo-La Serena|-29.902631|-71.2520253|3.0|17.0|17.0|0.7|117.0|13.9|2.6|2.5|2.4|0.004412146379444588|0.2|1.9043882768889964|0.017173910512306285|2.1826697387962164
47|CL014|Rancagua|-34.170249|-70.7407427|5.0|26.0|16.0|1.4|113.0|30.6|2.0|2.0|1.7|0.008373590982286634|33.8|1.9043882768889964|0.017173910512306285|2.1826697387962164
48|CL017|Talca|-35.4266305|-71.66611529999999|26.0|14.0|12.0|0.7|585.0|24.6|1.5|1.6|1.4|0.029535864978902954|8.6|1.9043882768889964|0.017173910512306285|2.1826697387962164
51|CL023|Valdivia|-39.814126200000004|-73.24598590000001|0.0|13.0|13.0|0.3|293.0|32.0|1.6|1.7|1.7|0.012757605495583905|80.4|1.9043882768889964|0.017173910512306285|2.1826697387962164
61|COL09|Ibague|4.4446595|-75.2430012|272.0|11.0|11.0|0.2|396.0|26.7|1.1|1.2|1.4|0.007936507936507936|67.4|1.9043882768889964|0.017173910512306285|2.1826697387962164
63|COL11|Santa Marta|17.0920157|-88.6118965|369.0|41.0|41.0|0.2|202.0|19.0|1.1|1.0|0.8|0.01735817104149026|82.1|1.9043882768889964|0.017173910512306285|2.1826697387962164
64|COL12|Pasto|1.2146013|-77.2782755|0.0|17.0|17.0|0.2|360.0|14.5|0.8|1.0|0.9|0.014096185737976783|65.7|1.9043882768889964|0.017173910512306285|2.1826697387962164
66|COL14|Villavicencio|4.1315113|-73.6206667|611.0|17.0|17.0|0.2|359.0|34.3|1.0|1.0|0.8|0.012869038607115822|20.7|1.9043882768889964|0.017173910512306285|2.1826697387962164
70|COL18|Neiva|2.9263127|-75.2891733|321.0|14.0|14.0|0.3|275.0|21.6|0.7|0.7|0.7|0.01131770412287793|35.2|1.9043882768889964|0.017173910512306285|2.1826697387962164
71|COL19|Palmira|3.5308373|-76.2988048|220.0|18.0|18.0|0.3|299.0|15.6|0.5|0.7|0.8|0.017769002961500493|33.0|1.9043882768889964|0.017173910512306285|2.1826697387962164
72|COL20|Popayan|2.4422295|-76.6072368|0.0|14.0|14.0|0.4|566.0|13.0|0.5|0.6|0.6|0.02880658436213992|43.6|1.9043882768889964|0.017173910512306285|2.1826697387962164
82|DE004|Cologne|50.938361|6.959974000000001|8.0|500.0|273.0|1.0|1187.0|14.2|2.4|2.4|2.2|0.3076923076923077|20.6|0.8395693800446504|0.005772244585336882|0.7488264926441124
85|DE008|Leipzig|51.3406321|12.3747329|24.0|365.0|126.0|6.6|248.0|15.2|1.1|1.2|1.3|0.0918932527693857|10.3|2.0521658938691396|0.014109141841820367|1.8303623561737936
87|DE011|Dusseldorf|51.2254018|6.7763137|9.0|392.0|157.0|1.3|1265.0|14.5|1.9|1.9|1.9|0.32666666666666666|10.7|0.6199896960329726|0.004262580616864159|0.5529795637987291
88|DE012|Bremen|53.0758196|8.8071646|8.0|384.0|126.0|10.3|210.0|12.8|1.5|1.5|1.5|0.06526172671651938|6.8|3.0400161428816763|0.020900853624690595|2.7114431278264357
89|DE013|Hanover|52.374477899999995|9.738553199999998|15.0|391.0|115.0|4.6|429.0|12.6|1.6|1.6|1.6|0.1316941731222634|16.6|1.5339578396015798|0.010546334876224741|1.368163604098689
90|DE014|Nuremberg|49.453872|11.077297999999999|11.0|354.0|157.0|8.9|443.0|13.3|1.6|1.6|1.6|0.12077789150460594|22.8|1.5143248325605356|0.010411353156690709|1.350652584578396
91|DE017|Bielefeld|52.0191005|8.531007|12.0|82.0|82.0|0.3|1263.0|13.2|0.4|0.4|0.4|0.3166023166023166|20.2|0.1338144427271166|0.0009200069831398478|0.11935142251989238
92|DE018|Halle an der Saale|51.7646985|11.6957483|17.0|182.0|58.0|5.0|266.0|14.8|0.5|0.5|0.6|0.1156289707750953|10.2|0.8132198179632492|0.0055910849091201555|0.7253248611826665
93|DE019|Magdeburg|52.1315889|11.6399609|17.0|224.0|67.0|8.9|119.0|14.9|0.5|0.6|0.7|0.05384615384615385|7.1|2.1492976129143053|0.01477694613846242|1.9169958211689277
94|DE020|Wiesbaden|50.082038399999995|8.2416556|9.0|115.0|59.0|4.0|447.0|11.8|0.6|0.6|0.6|0.11330049261083744|30.4|0.5244079512278894|0.0036054327717642684|0.4677285477130918
95|DE021|Gottingen|51.5328328|9.9351811|10.0|149.0|27.0|12.7|151.0|10.7|0.5|0.6|0.6|0.04933774834437086|31.8|1.5603074016829814|0.010727494552441468|1.3916652355601353
96|DE025|Darmstadt|49.872775|8.651177|12.0|148.0|40.0|5.5|558.0|12.6|0.6|0.6|0.5|0.18974358974358974|51.6|0.4029933024214322|0.0027706774009617035|0.35943671646917397
97|DE026|Trier|49.7596208|6.6441878|3.0|108.0|31.0|41.7|206.0|11.7|0.3|0.3|0.3|0.08852459016393442|45.2|0.6303228576335221|0.004333623627145229|0.5621958898620413
98|DE027|Freiburg im Breisgau|47.9960901|7.849400500000001|5.0|167.0|37.0|11.9|284.0|11.0|0.8|0.8|0.7|0.0755656108597285|48.9|1.1418143568607246|0.00785025263605816|1.0184040299959929
99|DE028|Regensburg|49.0195333|12.0974869|6.0|162.0|38.0|16.5|174.0|14.7|0.6|0.6|0.5|0.06390532544378698|2.2|1.309728232869655|0.009004701553125537|1.1681693285248154
101|DE032|Erfurt|50.9777974|11.0287364|7.0|229.0|69.0|28.1|182.0|12.5|0.6|0.6|0.7|0.08026638626007711|7.2|1.4740255023183924|0.010134285416594538|1.3147089129314786
102|DE033|Augsburg|48.3668041|10.8986971|3.0|197.0|52.0|11.1|324.0|13.3|0.8|0.8|0.8|0.09869739478957916|27.0|1.0312495277348446|0.007090092426050718|0.9197893411185528
103|DE034|Bonn|50.735851000000004|7.10066|10.0|267.0|82.0|2.2|692.0|11.9|1.2|1.1|1.0|0.206656346749226|29.7|0.6675222393955006|0.004589378464157078|0.5953746636899651
104|DE035|Karlsruhe|49.006870500000005|8.4034195|15.0|250.0|74.0|4.5|579.0|12.3|0.9|0.9|0.8|0.19888623707239458|31.0|0.6494392065945389|0.004465053196165207|0.5792460930791689
105|DE036|Monchengladbach|51.19469829999999|6.435364099999999|10.0|68.0|68.0|0.4|1496.0|13.4|0.3|0.3|0.3|0.4|8.0|0.08783187360467112|0.0006038655873890892|0.0783387715381533
106|DE037|Mainz|50.0012314|8.276251299999998|9.0|138.0|44.0|16.3|585.0|12.0|0.5|0.5|0.4|0.19630156472261737|3.5|0.3632106302593165|0.0024971618113795867|0.3239538611254222
108|DE039|Kiel|54.3227085|10.135555|1.0|149.0|40.0|39.7|188.0|13.0|0.8|0.8|0.8|0.04438486744116771|14.4|1.734421174652241|0.011924569275677485|1.5469603297269447
109|DE040|Saarbrucken|49.234362|6.996378999999999|4.0|312.0|50.0|4.6|520.0|11.6|0.9|1.0|1.1|0.203125|53.7|0.793586810922205|0.005456103189586124|0.7078138416623733
110|DE042|Koblenz|50.3533278|7.5943951|5.0|150.0|36.0|27.7|345.0|11.6|0.4|0.4|0.4|0.16286644951140064|36.1|0.4758420917053065|0.0032715306234432423|0.4244118152155246
111|DE043|Rostock|54.09244449999999|12.1286127|7.0|107.0|40.0|28.9|115.0|13.0|0.5|0.5|0.5|0.02979671400724032|33.5|1.8553191653786705|0.012755772495965996|1.654791344667697
113|DE045|Iserlohn|51.3746778|7.6999713000000005|4.0|124.0|25.0|3.6|393.0|13.9|0.5|0.5|0.5|0.1169811320754717|43.5|0.5476575648291259|0.003765279544896674|0.4884652813555441
115|DE054|Constance|47.659216|9.175071800000001|2.0|82.0|12.0|9.2|332.0|11.7|0.3|0.3|0.3|0.1003671970624235|39.0|0.42210965138244894|0.002902106969981682|0.3764869196863015
116|DE057|Giessen|50.5862066|8.6742306|10.0|92.0|24.0|7.1|298.0|13.8|0.3|0.3|0.3|0.10772833723653395|27.7|0.44122600034346554|0.00303353653900166|0.3935371229034289
117|DE061|Aschaffenburg|49.974054200000005|9.1493636|9.0|136.0|20.0|20.9|250.0|11.9|0.5|0.5|0.4|0.09220338983050848|37.0|0.7620706680405289|0.005239422008228863|0.6797040471692714
119|DE069|Rosenheim|47.853927299999995|12.127262|2.0|94.0|13.0|15.8|210.0|12.4|0.4|0.4|0.4|0.06368563685636856|13.8|0.7625873261205564|0.0052429741587429165|0.6801648634724369
120|DE073|Offenburg|48.471655600000005|7.9443779999999995|8.0|172.0|19.0|12.6|222.0|11.7|0.5|0.5|0.5|0.09257265877287406|30.5|0.9599507126910527|0.00659989565511134|0.856196691281699
121|DE074|Gorlitz|51.1563185|14.991017999999999|36.0|92.0|13.0|20.6|124.0|15.1|0.3|0.3|0.4|0.04364326375711575|7.1|1.0891152326979219|0.007487933283624707|0.9714007670731009
122|DE077|Schweinfurt|50.049994500000004|10.233302|8.0|133.0|16.0|28.4|133.0|11.8|0.3|0.3|0.4|0.06610337972166998|21.2|1.0395160570152842|0.0071469268342755745|0.9271624019692026
123|DE079|Wetzlar|50.5525346|8.5074406|4.0|105.0|20.0|9.2|236.0|14.6|0.3|0.3|0.3|0.09868421052631579|32.7|0.5497241971492358|0.003779488146952888|0.49030854656820655
124|DE084|Mannheim-Ludwigshafen|49.4808261|8.4565021|11.0|495.0|188.0|8.8|563.0|13.1|1.4|1.4|1.4|0.24240940254652302|9.7|1.0550157994161085|0.007253491349697178|0.9409868910641709
125|DE504|Muenster|51.9625101|7.6251879|10.0|164.0|74.0|2.3|363.0|13.7|0.6|0.7|0.5|0.11598302687411598|11.1|0.7305545251588528|0.005022740826871601|0.6515942526761692
126|DE507|Aachen|50.776351|6.083862|3.0|138.0|47.0|1.8|769.0|9.7|0.7|0.7|0.6|0.1954674220963173|22.2|0.3647606044993989|0.002507818262921747|0.325336310034919
127|DE510|Lubeck|53.866443999999994|10.684738000000001|3.0|120.0|52.0|9.0|257.0|12.3|0.5|0.5|0.6|0.07523510971786834|18.7|0.8240696376438262|0.005665680069915279|0.7350020035491442
128|DE513|Kassel|51.3154546|9.492409599999998|11.0|125.0|45.0|7.2|306.0|12.8|0.5|0.5|0.6|0.08941344778254649|31.5|0.7222879958784131|0.004965906418646746|0.6442211918255194
129|DE517|Osnabruck|52.266837|8.049741000000001|7.0|153.0|44.0|6.9|226.0|12.6|0.7|0.6|0.6|0.06839517210549843|14.4|1.1557641250214665|0.007946160699937605|1.0308460701814643
130|DE520|Oldenburg (Oldenburg)|48.1090631|13.714611300000001|7.0|150.0|43.0|5.4|213.0|13.5|0.5|0.5|0.5|0.079155672823219|4.7|0.9790670616520692|0.006731325224131318|0.8732468944988264
131|DE522|Heidelberg|49.40935820000001|8.694724|11.0|225.0|33.0|8.0|585.0|12.5|0.8|0.9|0.8|0.1924721984602224|47.4|0.6039732955521209|0.004152463950928502|0.5386942584005954
132|DE523|Paderborn|51.71895955|8.764869778177559|10.0|96.0|44.0|3.4|239.0|13.2|0.4|0.4|0.3|0.07710843373493977|15.4|0.6432393096342092|0.004422427389996566|0.5737162974411816
133|DE524|Wurzburg|49.79245|9.932966|9.0|248.0|35.0|27.7|163.0|13.9|0.6|0.6|0.6|0.08112528622832843|16.0|1.5794237506439979|0.010858924121461446|1.4087154387772625
134|DE527|Bremerhaven|53.552226399999995|8.5865509|4.0|89.0|27.0|16.6|144.0|12.9|0.4|0.4|0.4|0.04174484052532833|8.3|1.1015150266185814|0.0075731848959619905|0.9824603583490755
135|DE529|Heilbronn|49.142291|9.218655|9.0|165.0|31.0|10.6|370.0|14.2|0.6|0.6|0.5|0.13772954924874792|14.7|0.6189563798729176|0.004255476315836052|0.552057931192398
136|DE532|Ulm|48.397400299999994|9.9934336|2.0|175.0|49.0|16.2|238.0|13.8|0.6|0.6|0.5|0.08789552988448016|17.6|1.028666237334707|0.007072331673480451|0.9174852596027249
137|DE533|Pforzheim|48.8908846|8.7029532|13.0|87.0|22.0|9.3|463.0|11.5|0.4|0.4|0.4|0.12965722801788376|57.0|0.3466775716984372|0.0023834929949298755|0.3092077394241227
138|DE534|Ingolstadt|48.7630165|11.4250395|4.0|180.0|37.0|14.8|164.0|13.5|0.6|0.6|0.5|0.06324666198172874|12.8|1.4704088957582002|0.010109420362996165|1.3114831988093194
139|DE537|Reutlingen|48.4919508|9.2114144|3.0|77.0|26.0|9.8|253.0|12.1|0.4|0.3|0.3|0.07057745187901009|30.1|0.5636739653099776|0.0038753962108323318|0.5027505867536779
140|DE540|Siegen|50.8749804|8.0227233|4.0|157.0|29.0|32.2|228.0|10.6|0.5|0.5|0.5|0.08855047941342357|63.5|0.9160347758887172|0.006297962861416795|0.8170273055126224
141|DE542|Hildesheim|52.1521636|9.9513046|12.0|97.0|27.0|14.6|228.0|12.3|0.3|0.3|0.4|0.08043117744610281|19.7|0.6230896445131375|0.0042838935199484805|0.5557444616177228
142|DE544|Zwickau|50.71850429999999|12.4939267|13.0|100.0|27.0|10.1|344.0|12.6|0.4|0.4|0.5|0.10548523206751055|9.5|0.48979185986604845|0.003367438687322686|0.4368538554009961
144|DE548|Duren, Stadt|50.8014485|6.479250091636852|5.0|121.0|27.0|5.8|273.0|11.4|0.3|0.3|0.3|0.1288604898828541|8.1|0.48514193714580117|0.003335469332696205|0.4327065086725056
145|DE549|Bocholt, Stadt|51.83838040000001|6.620604507156488|7.0|151.0|25.0|4.7|256.0|12.8|0.5|0.5|0.4|0.10641296687808316|3.1|0.7331378155589902|0.005040501579441869|0.6538983341919973
157|ES005|Saragossa|41.6521342|-0.8809428|192.0|78.0|57.0|3.4|273.0|10.7|1.6|1.6|1.8|0.028219971056439943|2.7|0.7302751388566692|0.004183640778946618|1.252825727420525
158|ES006|Malaga|36.7213028|-4.421636599999999|228.0|114.0|84.0|2.0|558.0|11.1|2.0|1.9|1.6|0.07480314960629922|14.1|0.4026553225823314|0.002306754177682578|0.6907765588237628
159|ES007|Murcia|37.9923795|-1.1305431000000001|443.0|41.0|24.0|1.3|515.0|12.8|1.5|1.3|1.1|0.03413821815154038|13.6|0.31731564463345135|0.001817855490417832|0.544371815713477
161|ES009|Valladolid|41.6521328|-4.728562|65.0|75.0|39.0|5.6|368.0|10.4|0.8|0.9|1.0|0.06482281763180639|13.7|0.30569042534629753|0.0017512562884374953|0.5244281355374629
162|ES010|Palma de Mallorca|39.569581799999995|2.6500745|271.0|90.0|44.0|4.9|331.0|8.9|1.5|1.5|1.2|0.04455445544554455|13.9|0.5337032490920665|0.003057508818188194|0.9155962262624676
163|ES012|Vitoria|42.8465088|-2.6724025|5.0|63.0|38.0|7.1|168.0|8.3|0.6|0.6|0.6|0.039399624765478425|24.2|0.42247103727634366|0.0024202755446945156|0.7247714682146958
164|ES013|Oviedo|43.3605977|-5.8448989000000005|1.0|55.0|22.0|3.2|337.0|11.5|0.5|0.7|0.9|0.058886509635974305|42.8|0.24677170032276738|0.0014137194238553333|0.4233499382817549
165|ES014|Pamplona|42.81845379999999|-1.6442556000000002|9.0|59.0|14.0|13.8|222.0|8.5|0.8|0.8|0.8|0.03486997635933806|0.6|0.4470425234969191|0.002561042039789319|0.7669251558594531
166|ES015|Santander|43.4620412|-3.8099719|3.0|94.0|29.0|5.5|489.0|10.8|0.8|0.9|1.0|0.10942956926658906|10.5|0.226955985628755|0.0013001980568433952|0.38935502889082163
168|ES020|Cordoba|37.884581299999994|-4.7760138|458.0|43.0|35.0|2.2|193.0|11.4|0.8|0.8|0.8|0.022970085470085472|17.1|0.4946002387625487|0.0028334933206179695|0.8485129383976928
169|ES021|Alicante|38.353738|-0.49018459999999997|200.0|77.0|57.0|1.1|1303.0|10.4|1.0|1.0|1.0|0.21690140845070421|1.1|0.09379438288499188|0.0005373344705231727|0.1609092377837505
170|ES022|Vigo|42.2376602|-8.7247205|6.0|183.0|49.0|3.9|404.0|9.8|1.0|1.2|1.3|0.1356560415122313|28.2|0.35641865496296915|0.0020418709879880563|0.611455103578252
171|ES023|Gijon|43.5450394|-5.6626443|2.0|53.0|39.0|1.0|574.0|11.9|2.806379585326946|2.8395534290271063|2.652950558213709|0.10095238095238095|22.4|0.1387100028580866|0.0007946495690835652|0.23796436573653246
172|ES025|Santa Cruz de Tenerife|28.469648|-16.2540884|0.0|14.0|10.0|2.6|771.0|6.7|1.0|1.1|0.9|0.021341463414634148|28.1|0.17332145119029488|0.0009929335567977501|0.2973421408060291
173|ES026|Coruna (A)|43.493523100000004|-8.214238499999999|0.0|122.0|24.0|2.9|554.0|11.7|0.7|0.9|1.1|0.16331994645247658|15.8|0.1973645183523632|0.0011306728154389014|0.3385892975336947
174|ES501|Granada|37.183054|-3.6021928|105.0|84.0|16.0|8.0|346.0|14.5|1.3|1.2|1.1|0.051756007393715345|15.6|0.4288120659784277|0.002456602382138336|0.7356498392197947
175|ES505|Elche/Elx|38.2653307|-0.6988390999999999|385.0|53.0|45.0|0.8|674.0|12.2|2.806379585326946|2.8395534290271063|2.652950558213709|0.13730569948186527|1.2|0.10198487829185032|0.0005842566355547736|0.17496046699866954
176|ES510|Donostia-San Sebastian|43.322421899999995|-1.9838889|2.0|40.0|18.0|3.9|1015.0|8.1|0.7|0.7|0.8|0.12084592145015106|39.8|0.08745335418290792|0.0005010076330793525|0.15003086677865188
177|ES532|Algeciras|36.1311725|-5.447399099999999|138.0|25.0|19.0|1.1|611.0|12.1|2.806379585326946|2.8395534290271063|2.652950558213709|0.05813953488372093|31.8|0.11361009757900424|0.0006508558375351106|0.1949041471746837
178|ES533|Marbella|36.508976000000004|-4.885619999999999|152.0|52.0|31.0|2.6|447.0|9.0|2.806379585326946|2.8395534290271063|2.652950558213709|0.0755813953488372|19.4|0.1817761561264068|0.001041369340056177|0.3118466354794939
188|FR008|Nantes|47.2186371|-1.5541361999999999|7.0|283.0|89.0|12.2|275.0|11.5|1.5|1.4|1.3|0.08238719068413392|2.7|1.0818966792498315|0.004647472364699017|1.99069616313918
189|FR009|Lille|50.636565399999995|3.0635282000000004|7.0|391.0|170.0|13.5|892.0|15.2|2.5|2.3|1.9|0.23232323232323232|1.0|0.5300821284359436|0.0022770585123110467|0.9753541899747423
190|FR010|Montpellier|43.6112422|3.8767337|52.0|195.0|46.0|21.1|309.0|12.4|0.9|1.0|1.1|0.08748317631224764|0.9|0.7020517316005458|0.003015783377267572|1.2917792569540707
191|FR011|Saint-Etienne|45.4401467|4.3873058|0.0|172.0|35.0|20.6|303.0|11.5|0.7|0.7|0.8|0.1085173501577287|30.9|0.4992157894063997|0.0021444668698829524|0.9185599471835809
192|FR012|Le Havre|49.493897499999996|0.10797319999999999|0.0|118.0|57.0|6.9873217115689386|331.0|11.4|2.806379585326946|2.8395534290271063|2.652950558213709|0.12368972746331237|3.9|0.3004743615733157|0.0012907390497592032|0.5528745675792658
193|FR013|Rennes|48.111338700000005|-1.6800198|2.0|158.0|30.0|23.3|227.0|10.2|1.1|1.0|0.9|0.05350491026075178|0.0|0.9300846852473807|0.003995337960103697|1.7113612139010186
196|FR017|Metz|49.119696399999995|6.176355200000001|4.0|136.0|38.0|6.9873217115689386|197.0|12.8|2.806379585326946|2.8395534290271063|2.652950558213709|0.07311827956989247|7.4|0.5858305162750179|0.0025165352542475027|1.0779315468526565
198|FR019|Orleans|47.9027336|1.9086066000000002|7.0|177.0|48.0|30.4|133.0|12.1|0.7|0.6|0.7|0.0548497056089247|14.7|1.0163844494728402|0.004366053368525103|1.8701532804803882
200|FR021|Poitiers|46.580259600000005|0.340196|7.0|64.0|22.0|39.6|109.0|13.1|0.4|0.4|0.5|0.0256|4.5|0.7874066078965296|0.003382439857859547|1.4488327242643233
201|FR022|Clermont-Ferrand|45.777455100000005|3.0819427000000004|3.0|216.0|50.0|44.4|166.0|10.4|0.7|0.8|0.8|0.07270279367216426|8.2|0.9357540128242356|0.004019691527080285|1.7217928095157218
203|FR024|Limoges|45.83542429999999|1.2644847|5.0|77.0|34.0|40.3|93.0|10.0|0.4|0.5|0.6|0.021831584916359514|8.7|1.1108732424204237|0.0047719461514682485|2.044013207392107
204|FR025|Besancon|47.2380222|6.0243622000000006|5.0|97.0|24.0|6.9873217115689386|110.0|12.2|2.806379585326946|2.8395534290271063|2.652950558213709|0.038415841584158415|40.2|0.7952806739754947|0.003416264256438142|1.4633210515069663
205|FR026|Grenoble|45.1875602|5.7357819|0.0|128.0|40.0|27.1|270.0|14.9|1.0|1.0|0.9|0.05258833196384552|25.6|0.7666190734480612|0.0032931434456120547|1.4105835403437452
206|FR028|Saint Denis|48.935773|2.3580232000000003|0.0|48.0|20.0|6.9873217115689386|559.0|5.2|2.806379585326946|2.8395534290271063|2.652950558213709|0.08711433756805807|53.4|0.1735444163803951|0.000745489744672244|0.3193227324278568
208|FR032|Toulon|43.125731099999996|5.9304919|26.0|196.0|77.0|6.6|508.0|13.1|0.7|0.8|1.1|0.1882804995196926|22.1|0.3278761115281149|0.0014084479568127154|0.6032939463836642
209|FR034|Valenciennes|50.3579317|3.5234845999999997|6.0|141.0|34.0|6.9873217115689386|486.0|15.5|2.806379585326946|2.8395534290271063|2.652950558213709|0.20704845814977973|3.7|0.21448955999101463|0.0009213766172809405|0.3946620340896016
210|FR035|Tours|47.3900474|0.6889268|7.0|182.0|63.0|31.9|142.0|11.9|0.7|0.8|0.8|0.05082379223680536|7.0|1.1278812251509889|0.004845006852398015|2.0753079942362165
211|FR036|Angers|47.473988399999996|-0.5515588|6.0|214.0|43.0|31.9|175.0|12.1|0.7|0.6|0.6|0.0907164052564646|2.8|0.7429968752111652|0.0031916702498762683|1.3671185586158154
212|FR037|Brest|48.3905283|-4.4860088|0.0|160.0|30.0|6.9873217115689386|278.0|10.5|2.806379585326946|2.8395534290271063|2.652950558213709|0.12578616352201258|1.7|0.4006324820977542|0.0017209853996789375|0.7371660901056877
213|FR038|Le Mans|48.0073796|0.1967599|5.0|147.0|40.0|40.5|153.0|12.2|0.6|0.5|0.6|0.061712846347607056|4.0|0.7502410160038133|0.003222788696568576|1.380447819679047
214|FR039|Avignon|43.9492493|4.8059012|79.0|167.0|34.0|6.9873217115689386|363.0|14.6|2.806379585326946|2.8395534290271063|2.652950558213709|0.18596881959910913|1.7|0.2828364535564334|0.0012149723969431493|0.5204207145557449
215|FR040|Mulhouse|47.7467|7.3389275|3.0|162.0|44.0|33.9|344.0|13.0|0.6|0.6|0.6|0.1408695652173913|17.6|0.3622070396324036|0.0015559223346153913|0.6664630531615886
216|FR042|Dunkerque|51.0347708|2.3772525|4.0|93.0|50.0|6.9873217115689386|298.0|13.2|2.806379585326946|2.8395534290271063|2.652950558213709|0.10966981132075472|5.0|0.2670883213985028|0.001147323599785958|0.49144406007045843
217|FR043|Perpignan|42.6985304|2.8953121|22.0|175.0|35.0|28.0|236.0|10.7|0.6|0.6|0.8|0.1041046995835812|0.0|0.5294522031496265|0.002274352560424759|0.9741951237953309
218|FR044|Nimes|43.8374249|4.3600687|94.0|133.0|39.0|6.9873217115689386|229.0|12.4|2.806379585326946|2.8395534290271063|2.652950558213709|0.09216909216909216|16.2|0.4544910940778768|0.0019523442859565303|0.8362662484453673
219|FR045|Pau|43.2957547|-0.36856679999999997|29.0|63.0|20.0|6.9873217115689386|130.0|11.9|2.806379585326946|2.8395534290271063|2.652950558213709|0.028493894165535955|22.8|0.6963824040236907|0.002991429810290983|1.2813476613393673
220|FR046|Bayonne|43.49333789999999|-1.475099|15.0|55.0|27.0|6.9873217115689386|213.0|10.1|2.806379585326946|2.8395534290271063|2.652950558213709|0.046218487394957986|13.4|0.37480554535874805|0.001610041372341144|0.6896443767498178
221|FR048|Annecy|45.8992348|6.1288847|1.0|90.0|26.0|6.9873217115689386|218.0|13.8|2.806379585326946|2.8395534290271063|2.652950558213709|0.07081038552321008|24.3|0.4003175194545956|0.0017196324237357934|0.7365865570159819
223|FR203|Marseille|43.2961743|5.3699525|33.0|291.0|132.0|3.3|1079.0|16.0|1.8|1.9|2.0|0.2519480519480519|11.5|0.36378185284819664|0.0015626872143311105|0.6693607186101173
225|FR207|Lens - Lievin|50.4245|2.7738|6.0|111.0|59.0|6.9873217115689386|945.0|13.3|2.806379585326946|2.8395534290271063|2.652950558213709|0.346875|1.4|0.10078804581075579|0.00043295230180602197|0.18545058870583336
226|FR214|Valence|39.4697065|-0.3763353|12.0|85.0|26.0|6.9873217115689386|200.0|13.7|2.806379585326946|2.8395534290271063|2.652950558213709|0.06967213114754098|0.5|0.38425442465350645|0.0016506306506354589|0.7070303694409897
227|FR215|Rouen|49.4404591|1.0939658|2.0|250.0|75.0|6.9873217115689386|256.0|13.0|2.806379585326946|2.8395534290271063|2.652950558213709|0.09197939661515821|15.4|0.856068464105107|0.0036773886134648993|1.5751709378201724
240|IT005|Palermo|38.1112268|13.3524434|183.0|130.0|75.0|3.0|685.0|16.1|1.8|1.7|1.5|0.08718980549966465|11.6|0.8112786753098445|0.005047137131471804|0.7379901635710208
242|IT007|Florence|43.769871200000004|11.2555757|23.0|119.0|42.0|3.4|430.0|15.4|1.2|1.3|1.5|0.0642548596112311|4.7|1.0077049675880831|0.006269146859480737|0.9166718866086722
243|IT008|Bari|41.1257843|16.8620293|224.0|113.0|62.0|2.9|649.0|13.2|1.2|1.2|1.1|0.1002661934338953|16.1|0.6132200315722299|0.0038149721979669504|0.5578235508682363
244|IT009|Bologna|44.4937577|11.343030800000001|74.0|185.0|59.0|4.5|379.0|18.2|1.2|1.2|1.4|0.09108813392417528|5.9|1.1051019379975144|0.006875074120737245|1.0052703032949315
245|IT010|Catania|37.5022355|15.08738|232.0|105.0|48.0|3.3|1047.0|12.6|1.2|1.1|0.9|0.1721311475409836|2.6|0.33191146340644206|0.0020648917841702215|0.30192756524367714
246|IT011|Venice|45.437190799999996|12.3345898|66.0|215.0|75.0|2.8|813.0|24.2|0.8|0.9|0.9|0.32526475037821484|0.5|0.35966143821583313|0.002237530277600846|0.32717068955093537
247|IT012|Verona|45.4384958|10.992412199999999|24.0|127.0|52.0|4.0|691.0|23.9|0.9|0.8|0.8|0.17349726775956284|7.9|0.3982937560877305|0.0024778701410042656|0.3623130782924126
248|IT016|Perugia|43.1070321|12.402996209906487|13.0|77.0|38.0|6.9873217115689386|218.0|12.5|2.806379585326946|2.8395534290271063|2.652950558213709|0.05873379099923722|14.9|0.7133375877472878|0.0044378248017166565|0.6488967836630504
249|IT022|Taranto|40.54881555|17.080580124547428|295.0|105.0|47.0|5.1|392.0|10.8|0.7|0.7|0.6|0.09971509971509972|1.5|0.5729553622409566|0.0035644771290676116|0.5211962724616263
250|IT027|Cagliari|39.216952500000005|9.1128513|153.0|97.0|27.0|6.6|249.0|12.9|0.7|0.8|0.7|0.049794661190965095|2.3|1.0599402142881134|0.0065941134353501496|0.9641883558929231
251|IT028|Padua|45.4077172|11.8734455|60.0|204.0|57.0|5.8|866.0|25.7|0.9|0.9|0.9|0.3322475570032573|0.0|0.3340879320189433|0.00207843205816478|0.3039074181305209
252|IT029|Brescia|45.77958045|10.4258729694612|37.0|131.0|41.0|6.9873217115689386|790.0|25.7|2.806379585326946|2.8395534290271063|2.652950558213709|0.21724709784411278|16.5|0.32810264333456485|0.0020411963046797436|0.2984628226917005
253|IT030|Modena|44.538472799999994|10.93596087053074|129.0|80.0|36.0|6.9873217115689386|528.0|20.9|2.806379585326946|2.8395534290271063|2.652950558213709|0.11560693641618497|0.2|0.37652906996271784|0.002342467401058677|0.3425145494239747
254|IT032|Salerno|40.41944165|15.310756230322482|31.0|82.0|25.0|6.9873217115689386|676.0|15.2|2.806379585326946|2.8395534290271063|2.652950558213709|0.21866666666666668|23.1|0.2040439324219931|0.0012694006869898903|0.1856112081416048
255|IT501|Messina|38.1937571|15.5542082|90.0|41.0|31.0|6.9873217115689386|784.0|11.2|2.806379585326946|2.8395534290271063|2.652950558213709|0.12166172106824925|17.0|0.1833674806032311|0.0011407680840415813|0.16680260571658884
256|IT502|Prato|43.93571805000001|11.094147267700892|28.0|57.0|36.0|3.2|681.0|19.9|0.5|0.5|0.5|0.13902439024390245|18.2|0.22308803278137912|0.0013878780844422801|0.20293492090148793
257|IT503|Parma|44.801367799999994|10.328083300000001|79.0|93.0|37.0|6.2|280.0|20.8|0.5|0.5|0.6|0.07711442786069651|0.0|0.6562052866691297|0.004082392609359487|0.596925645383401
258|IT505|Reggio nell'Emilia|44.608664000000005|10.594796841892736|81.0|58.0|33.0|4.6|409.0|20.3|0.5|0.5|0.4|0.08393632416787265|0.0|0.3759849528095926|0.002339082332560038|0.3420195862022638
259|IT508|Rimini|43.9470982|12.630768610516007|53.0|65.0|33.0|4.0|701.0|18.0|0.4|0.4|0.4|0.18207282913165265|0.0|0.19424982366573743|0.0012084694540143756|0.17670187015080777
260|IT511|Bergamo|45.7566557|9.754219200862249|10.0|73.0|21.0|6.9873217115689386|1640.0|23.3|2.806379585326946|2.8395534290271063|2.652950558213709|0.3924731182795699|19.5|0.10120579048130857|0.0006296227407469855|0.09206315923823598
266|JPN06|Sendai|38.2677554|140.8691498|87.0|276.0|189.0|1.0|803.0|11.1|1.3|1.3|1.0|0.14465408805031446|51.3|1.6541234567901235|0.007735861600493827|1.2039506172839505
268|JPN08|Hiroshima|34.391605799999994|132.4518156|73.0|210.0|194.0|0.5|770.0|12.7|1.3|1.2|1.0|0.11081794195250659|70.3|1.6428532235939644|0.00768315394807956|1.1957475994513032
269|JPN09|Kitakyushu|33.882999600000005|130.8749015|166.0|316.0|208.0|0.9|1347.0|13.6|1.1|1.1|1.1|0.3107177974434612|30.9|0.881679012345679|0.004123360192716049|0.6417283950617284
271|JPN11|Kumamoto|32.6450475|130.6341345|165.0|235.0|161.0|1.4|575.0|17.3|1.1|0.9|0.9|0.11463414634146342|12.9|1.7772290809327846|0.008311591342249656|1.2935528120713307
272|JPN12|Yokkaichi|34.96484279999999|136.624845|157.0|376.0|280.0|0.7|529.0|13.3|0.9|0.9|0.8|0.18314661471018023|41.3|1.779829903978052|0.008323754646652949|1.295445816186557
273|JPN13|Takasaki|36.3220984|139.0032758|82.0|310.0|230.0|1.0|609.0|13.7|0.9|0.9|0.8|0.17474633596392333|41.3|1.5379533607681755|0.007192567337146775|1.1193964334705075
274|JPN14|Hamamatsu|34.710978600000004|137.7259431|108.0|364.0|217.0|0.2|570.0|12.4|0.8|0.8|0.7|0.21089223638470453|4.3|1.496340192043896|0.006997954466694102|1.0891083676268862
275|JPN15|Niigata|37.6452283|138.7669125|133.0|209.0|93.0|0.1|1108.0|11.8|0.6|0.6|0.6|0.28708791208791207|0.3|0.6311330589849109|0.0029516285351989025|0.4593689986282579
276|JPN16|Utsunomiya|36.554967700000006|139.88287759999997|112.0|251.0|120.0|1.2|503.0|13.3|0.8|0.7|0.6|0.14085297418630752|19.2|1.5448888888888888|0.007225002815555555|1.1244444444444444
277|JPN17|Kanazawa|36.5780499|136.6480247|110.0|188.0|122.0|1.2|439.0|13.5|0.6|0.6|0.5|0.1203585147247119|56.1|1.354161865569273|0.006333027159314129|0.9856241426611798
278|JPN18|Oita|33.1819875|131.42702169999998|153.0|117.0|100.0|0.8|388.0|14.6|0.6|0.6|0.6|0.06087408949011446|45.5|1.666260631001372|0.00779262368770919|1.2127846364883403
279|JPN19|Kagoshima|31.521587|130.5474077|298.0|135.0|101.0|0.4|711.0|17.4|0.6|0.6|0.5|0.13043478260869565|48.3|0.8972839506172839|0.004196340019135802|0.6530864197530863
280|JPN20|Himeji|34.8153529|134.6854793|149.0|243.0|168.0|1.0|616.0|14.4|0.6|0.6|0.5|0.20385906040268456|47.9|1.0333936899862826|0.0048328862829080926|0.752153635116598
281|JPN21|Mito|36.3657792|140.47139330000002|159.0|207.0|115.0|1.2|536.0|12.7|0.6|0.6|0.5|0.15310650887573965|7.3|1.1721042524005487|0.0054815958510836755|0.8531138545953361
282|JPN22|Shizuoka|34.979149|138.38298999999998|77.0|140.0|140.0|0.1|508.0|12.6|0.6|0.6|0.6|0.0989399293286219|84.0|1.2267215363511659|0.005737025243552811|0.8928669410150891
283|JPN23|Toyohashi|34.769123|137.39146100000002|140.0|311.0|212.0|0.6|609.0|13.2|0.6|0.5|0.5|0.278673835125448|21.2|0.9675061728395061|0.004524749238024691|0.7041975308641975
284|JPN24|Nagasaki|33.1154683|129.78743390000002|237.0|100.0|63.0|0.6|817.0|17.4|0.5|0.5|0.5|0.125|55.1|0.6935528120713306|0.003243547840877915|0.5048010973936901
285|JPN25|Matsuyama|33.83951879999999|132.7653521|103.0|145.0|140.0|0.8|671.0|13.2|0.5|0.5|0.5|0.15104166666666666|62.6|0.8322633744855967|0.0038922574090534978|0.6057613168724281
286|JPN26|Toyama|36.6957569|137.21362150000002|68.0|201.0|130.0|1.0|307.0|13.0|0.5|0.5|0.5|0.10249872514023457|67.2|1.7000713305898492|0.00795074664495199|1.2373936899862827
287|JPN27|Kofu|35.6652481|138.5710441|15.0|171.0|81.0|1.8|357.0|13.5|0.5|0.5|0.5|0.10178571428571428|55.0|1.4564609053497943|0.006811450465843622|1.0600823045267491
288|JPN28|Takamatsu|34.342559200000004|134.0465338|253.0|222.0|133.0|0.8|726.0|13.9|0.5|0.5|0.5|0.2727272727272727|37.4|0.7056899862825788|0.0033003099280932784|0.5136351165980796
289|JPN29|Nagano|36.1143945|138.0319015|14.0|115.0|77.0|1.5|364.0|13.3|0.5|0.5|0.5|0.07098765432098765|66.3|1.4044444444444444|0.006568184377777777|1.0222222222222221
290|JPN30|Tokushima|34.069830700000004|134.55503530000001|143.0|282.0|108.0|2.4|515.0|13.5|0.4|0.5|0.5|0.24845814977973568|24.2|0.9839780521262004|0.0046017834992455415|0.7161865569272977
291|JPN31|Numazu|35.094699|138.866742|80.0|123.0|104.0|1.4|599.0|13.0|0.5|0.4|0.4|0.12974683544303797|56.2|0.8218600823045268|0.003843604191440329|0.5981893004115226
292|JPN32|Fukui|35.9263502|136.60681269999998|64.0|189.0|75.0|1.4|243.0|13.8|0.5|0.4|0.4|0.08125537403267412|62.6|2.0165048010973936|0.009430615347352537|1.4677091906721536
293|JPN33|Wakayama|34.234617|135.17821809999998|174.0|156.0|113.0|0.9|798.0|13.7|0.4|0.4|0.5|0.22065063649222066|30.4|0.6129272976680384|0.0028664854043758572|0.4461179698216735
294|JPN34|Koriyama|37.404937|140.333381|66.0|90.0|62.0|1.4|291.0|12.2|0.4|0.4|0.4|0.05084745762711865|49.8|1.534485596707819|0.007176349597942387|1.1168724279835391
295|JPN35|Kochi|9.931308|76.2674136|54.0|151.0|71.0|1.5|288.0|14.1|0.4|0.4|0.4|0.08337934842628382|57.0|1.5700301783264747|0.00734258142478738|1.1427434842249657
296|JPN36|Miyazaki|31.907633399999998|131.4204022|159.0|159.0|108.0|1.2|357.0|15.9|0.4|0.4|0.4|0.11212976022566996|50.7|1.2293223593964335|0.005749188547956104|0.8947599451303155
297|JPN37|Morioka|39.7021331|141.1545397|20.0|84.0|53.0|1.7|130.0|10.6|0.3|0.3|0.3|0.026160074743070694|75.7|2.7837475994513032|0.01301879014632373|2.0261454046639233
298|JPN38|Fujieda|34.8674167|138.2577222|104.0|191.0|117.0|1.1|659.0|13.5|0.4|0.4|0.4|0.26750700280112044|48.9|0.6189958847736626|0.002894866447983539|0.45053497942386833
299|JPN39|Fukushima|37.754540000000006|140.4592144|52.0|77.0|52.0|1.3|280.0|12.0|0.3|0.3|0.4|0.048458149779735685|66.1|1.3775692729766804|0.006442496898943758|1.0026611796982168
300|JPN40|Matsumoto|36.238204700000004|137.96871409999997|7.0|106.0|57.0|1.8|232.0|12.8|0.4|0.3|0.3|0.05659369994660972|78.6|1.623780521262003|0.007593956382455418|1.1818655692729767
301|JPN41|Yamagata|38.255339299999996|140.3400205|35.0|93.0|52.0|1.6|378.0|11.3|0.3|0.3|0.3|0.08274021352313167|60.5|0.9744417009602194|0.00455718471643347|0.7092455418381344
302|JPN42|Kurume|33.3196648|130.5081592|176.0|108.0|71.0|1.2|942.0|16.2|0.4|0.3|0.3|0.24161073825503357|18.2|0.38752263374485596|0.001812332356090535|0.2820576131687243
303|JPN43|Akita|39.689880200000005|140.342608|44.0|88.0|64.0|1.5|263.0|11.2|0.3|0.3|0.3|0.056810845706907684|70.6|1.342891632373114|0.006280319506899863|0.9774211248285323
304|JPN44|Asahikawa|43.7627501|142.3579263|5.0|99.0|79.0|2.0|165.0|11.4|0.3|0.3|0.3|0.04087530966143683|59.9|2.0997311385459536|0.009819841088257888|1.5282853223593964
305|JPN45|Kusatsu|35.0179088|135.96046|188.0|99.0|67.0|1.3|1160.0|13.5|0.4|0.3|0.2|0.3018292682926829|11.8|0.28435665294924556|0.001329854614759945|0.2069684499314129
306|JPN46|Fuji|35.362799|138.730781|103.0|109.0|103.0|0.7|482.0|13.0|0.3|0.3|0.3|0.13053892215568863|60.4|0.7238957475994514|0.0033854530589163237|0.5268861454046639
307|JPN47|Isesaki|36.3111734|139.19680830000001|141.0|139.0|139.0|0.8|615.0|13.2|0.3|0.3|0.3|0.22275641025641027|59.0|0.5409711934156378|0.0025299673158847734|0.3937448559670782
308|JPN48|Hakodate|41.768793|140.72900800000002|8.0|73.0|50.0|0.9|272.0|10.5|0.2|0.3|0.3|0.05645784996133024|79.3|1.120954732510288|0.00524238419781893|0.8158847736625514
309|JPN49|Hachinohe|40.5122388|141.4882959|41.0|93.0|63.0|1.8|303.0|10.5|0.3|0.3|0.3|0.08408679927667269|37.8|0.9588367626886145|0.004484204890013717|0.6978875171467764
310|JPN50|Hitachi|36.5991225|140.65046040000001|111.0|84.0|46.0|1.2|332.0|12.4|0.2|0.3|0.3|0.08571428571428572|59.5|0.84960219478738|0.003973346105075446|0.6183813443072702
311|JPN51|Aomori|40.886943|140.59012099999998|22.0|71.0|64.0|1.2|237.0|10.8|0.2|0.3|0.3|0.05243722304283604|74.1|1.1738381344307272|0.005489704720685871|0.8543758573388204
312|JPN52|Shimonoseki|33.9577116|130.94154550000002|151.0|64.0|64.0|0.4|387.0|11.4|0.2|0.2|0.3|0.08913649025069638|59.2|0.6224636488340192|0.0029110841871879283|0.45305898491083674
313|JPN53|Obihiro|42.923809000000006|143.1966324|10.0|68.0|40.0|1.9|112.0|11.7|0.2|0.2|0.2|0.02867988190636862|40.1|2.0555171467764057|0.00961306491340192|1.4961042524005486
314|JPN54|Shunan|34.0550595|131.8064092|92.0|68.0|56.0|1.2|309.0|12.6|0.2|0.2|0.2|0.08095238095238096|76.3|0.7282304526748972|0.003405725232921811|0.5300411522633746
326|KOR12|Pohan|49.82066705|15.252681246984386|70.0|64.0|64.0|0.4|456.0|29.1|1.0|1.0|1.0|0.056189640035118525|53.5|1.9043882768889964|0.017173910512306285|2.1826697387962164
328|KOR14|Jeju|33.3939924|126.56266529999999|70.0|25.0|25.0|0.2|447.0|23.9|1.1|0.9|0.9|0.024875621890547265|19.1|1.9043882768889964|0.017173910512306285|2.1826697387962164
329|KOR15|Jinju|35.1803459|128.1079953|72.0|21.0|21.0|0.3|476.0|28.2|0.7|0.7|0.7|0.029411764705882353|28.8|1.9043882768889964|0.017173910512306285|2.1826697387962164
330|KOR16|Wonju|37.342099600000005|127.9197603|47.0|21.0|21.0|0.3|374.0|33.4|0.7|0.6|0.6|0.024|63.7|1.9043882768889964|0.017173910512306285|2.1826697387962164
331|KOR17|Iksan|35.9479291|126.95780249999999|111.0|26.0|26.0|0.3|596.0|32.3|0.6|0.6|0.7|0.050980392156862744|5.6|1.9043882768889964|0.017173910512306285|2.1826697387962164
332|KOR18|Chuncheon|37.8810569|127.72976409999998|30.0|25.0|25.0|0.4|247.0|29.1|0.5|0.5|0.6|0.022381378692927483|75.4|1.9043882768889964|0.017173910512306285|2.1826697387962164
333|KOR19|Gunsan|35.9679984|126.73690359999999|109.0|33.0|33.0|0.4|698.0|30.5|0.6|0.5|0.6|0.0829145728643216|4.3|1.9043882768889964|0.017173910512306285|2.1826697387962164
334|KOR20|Suncheon|34.950545700000006|127.48729920000001|129.0|19.0|19.0|0.4|303.0|28.9|0.6|0.5|0.6|0.020787746170678335|54.8|1.9043882768889964|0.017173910512306285|2.1826697387962164
346|MEX08|Queretaro|20.854257500000003|-99.84756|13.0|272.0|171.0|0.7|246.0|23.2|1.2|1.3|1.0|0.0451527224435591|27.8|0.056801831322822086|0.004355049745153116|3.243226527431261
348|MEX10|Juarez|19.29348285|-100.46459243844755|864.0|183.0|183.0|0.1|390.0|19.4|1.2|1.2|0.8|0.05143338954468803|0.0|0.03354928881915687|0.0025722554769679264|1.9155710465804159
349|MEX11|San Luis Potosi|22.5000001|-100.49491450000001|16.0|142.0|129.0|0.7|171.0|25.0|1.1|1.1|1.0|0.018664563617245004|7.0|0.07173777103320558|0.00550020226778302|4.09602712826976
350|MEX12|Torreon|25.542698|-103.410512|648.0|84.0|84.0|0.3|275.0|20.9|1.0|1.0|0.9|0.01957585644371941|5.9|0.0404609326371563|0.0031021776986142136|2.310206678155302
352|MEX14|Cuernavaca|18.921827399999998|-99.2342282|277.0|143.0|123.0|0.8|822.0|21.2|0.7|0.8|0.9|0.11956521739130435|30.4|0.011277388821728952|0.0008646479905715682|0.6439075243704827
355|MEX17|Morelia|19.7027116|-101.19238179999999|1.0|98.0|81.0|0.5|451.0|20.5|0.7|0.8|0.7|0.0482520925652388|46.7|0.019150816636230354|0.0014683110943569022|1.0934583461508782
356|MEX18|Chihuahua|28.500000099999998|-106.0000001|423.0|87.0|87.0|0.1|103.0|21.4|0.7|0.8|0.7|0.010342368045649072|16.2|0.07931889194680933|0.006081453926996682|4.528888039301422
359|MEX21|Aguascalientes|22.0000001|-102.5000001|38.0|99.0|99.0|0.1|739.0|22.0|0.7|0.7|0.6|0.08361486486486487|0.2|0.011164237763316957|0.0008559725926728568|0.6374469137580698
362|MEX24|Oaxaca de Juarez|17.0604663|-96.7253575|13.0|67.0|44.0|6.5|378.0|22.0|0.6|0.7|0.7|0.03127917833800187|20.8|0.020197463926541318|0.0015485585249199825|1.1532189943156972
364|MEX26|Xalapa|19.5408338|-96.9146374|192.0|87.0|50.0|1.5|570.0|22.0|0.6|0.7|0.7|0.06313497822931785|60.4|0.01299351320764423|0.0009962248587020244|0.7418934519920779
365|MEX27|Saltillo|25.423042499999998|-100.9927509|97.0|86.0|86.0|0.1|139.0|21.7|0.7|0.7|0.5|0.015237420269312544|19.1|0.05321871447310887|0.004080328811693922|3.038640524704853
367|MEX29|Celaya|20.5218445|-100.81396090000001|14.0|104.0|80.0|0.5|542.0|22.8|0.5|0.5|0.4|0.08843537414965986|18.8|0.011088803724375625|0.0008501889940737159|0.6331398400164613
368|MEX30|Durango|24.833333|-104.833333|20.0|36.0|36.0|0.2|68.0|20.1|0.5|0.5|0.5|0.0038597619813444837|49.3|0.08794666015072404|0.006742953016773426|5.021509598497903
370|MEX32|Pachuca de Soto|20.1165413|-98.7413535|1.0|106.0|65.0|1.7|366.0|23.9|0.5|0.5|0.4|0.066126013724267|5.6|0.015115095552869157|0.0011588885693028627|0.8630299009748192
371|MEX33|Irapuato|20.675876100000004|-101.3521052|39.0|71.0|69.0|0.3|633.0|23.2|0.5|0.5|0.4|0.07751091703056769|6.5|0.008637197458782376|0.0006622220396016358|0.4931599434141824
375|MEX37|Poza Rica de Hidalgo|20.53765745|-97.44512479987276|865.0|94.0|30.0|0.8|205.0|22.6|0.4|0.4|0.5|0.03716884143930407|8.7|0.023846585560328197|0.001828340107153425|1.3615736865660124
376|MEX38|Tepic|21.504344600000003|-104.894676|697.0|42.0|35.0|0.4|215.0|17.0|0.4|0.4|0.3|0.01953488372093023|77.0|0.02027289796548265|0.0015543421235191235|1.1575260680573058
377|MEX39|Orizaba|18.849722|-97.103611|8.0|39.0|24.0|3.1|583.0|22.4|0.4|0.4|0.5|0.047044632086851626|70.0|0.007816852285295403|0.0005993254048359783|0.4463205164741891
378|MEX40|Mazatlan|23.231305300000002|-106.41531440000001|1024.0|32.0|32.0|0.2|191.0|17.9|0.4|0.4|0.4|0.012578616352201259|62.6|0.02398802438334319|0.0018391843545268142|1.3696494498315284
381|MEX43|Guadalupe|16.230510250000002|-61.687126021388465|13.0|36.0|30.0|2.0|111.0|20.5|0.3|0.3|0.2|0.00989282769991756|0.0|0.034313058463437844|0.0026308144127842282|1.959180168214203
382|MEX44|Coatzacoalcos|18.139678699999997|-94.45017309999999|1107.0|58.0|55.0|0.8|452.0|22.9|0.3|0.3|0.3|0.07388535031847134|34.8|0.007401965071118084|0.0005675156125407032|0.4226316108953419
384|MEX46|Victoria|-36.5986096|144.6780052|440.0|34.0|34.0|0.3|233.0|25.6|0.3|0.3|0.3|0.02312925170068027|59.7|0.013861004655469533|0.0010627362425921448|0.7914248000205766
385|MEX47|Tlaxcala|19.416667|-98.166667|0.0|50.0|35.0|3.5|978.0|23.6|0.3|0.3|0.3|0.14367816091954022|11.6|0.0032813806939478896|0.00025158653906263024|0.18735770775997324
386|MEX48|Cordoba|37.884581299999994|-4.7760138|14.0|37.0|30.0|1.4|797.0|23.8|0.3|0.3|0.3|0.08447488584474885|67.5|0.0041300136320378605|0.0003166520233029656|0.23581228735306975
387|MEX49|Uruapan|19.40604335|-102.03429004621863|145.0|23.0|23.0|0.3|326.0|19.2|0.3|0.3|0.3|0.022593320235756387|75.6|0.009598981455284344|0.0007359629217406827|0.5480751336196918
388|MEX50|Tehuacan|18.46580115|-97.39783479972401|10.0|33.0|31.0|1.4|378.0|22.3|0.3|0.3|0.2|0.03556034482758621|18.3|0.008750348517194372|0.0006708974375003473|0.4996205540265953
389|MEX51|Minatitlan|17.7052686|-94.38617333390415|1023.0|35.0|32.0|1.5|129.0|22.7|0.3|0.3|0.3|0.013318112633181126|21.4|0.02478008179222716|0.0018999121398177938|1.4148737241184184
390|MEX52|Cuautla|20.20360935|-104.48582666610042|350.0|57.0|31.0|0.9|498.0|21.8|0.3|0.3|0.3|0.0871559633027523|10.1|0.006166732683453792|0.0004728091854797706|0.3521032783765014
391|MEX53|Chilpancingo de los Bravo|17.391974800000003|-99.74286292973129|469.0|36.0|26.0|0.9|82.0|17.2|0.3|0.3|0.2|0.009081735620585268|80.9|0.037377566295429404|0.0028657731058743282|2.134155038967051
392|MEX54|Monclova|26.899998800000002|-101.4171173|1034.0|57.0|57.0|0.6|182.0|22.7|0.3|0.3|0.2|0.033216783216783216|8.7|0.016180601352915457|0.0012405818995157283|0.9238673175750405
393|MEX55|Los Cabos|23.271848050000006|-109.6897684130629|832.0|18.0|18.0|0.4|72.0|14.6|0.2|0.2|0.1|0.004775802600159193|58.6|0.03553886159623447|0.002724797890020268|2.0291701165153424
394|MEX56|Colima|19.166667|-104.0|709.0|40.0|40.0|0.7|277.0|20.1|0.2|0.3|0.2|0.03849855630413859|55.0|0.009796995807505336|0.0007511448680634277|0.5593812021914144
397|MEX59|Puerto Vallarta|20.640717600000002|-105.22030600000001|501.0|51.0|51.0|0.4|398.0|16.1|0.2|0.2|0.1|0.07456140350877193|69.0|0.006449610329483783|0.000494497680226549|0.3682548049075336
398|MEX60|Salamanca|40.96515720000001|-5.6640182|42.0|58.0|58.0|0.4|363.0|22.8|0.2|0.2|0.2|0.0764163372859025|7.1|0.007156804444558759|0.0005487189170934952|0.40863362123511404
399|MEX61|San Juan del Rio|16.8969181|-96.14738987188723|1.0|49.0|49.0|0.4|344.0|23.5|0.2|0.2|0.2|0.06322580645161291|11.2|0.00730767252244142|0.0005602861142917771|0.4172477687183312
400|MEX62|Zamora|41.6857693|-5.942315018340977|27.0|34.0|25.0|0.8|582.0|20.7|0.2|0.2|0.2|0.07456140350877193|65.4|0.004299740219655855|0.0003296651201510327|0.24550320327168906
401|MEX63|Tulancingo de Bravo|20.083958499999998|-98.3635381|0.0|25.0|16.0|1.2|371.0|23.0|0.2|0.2|0.2|0.03692762186115214|13.0|0.006383605545410118|0.0004894370314523007|0.3644861153836261
430|PL007|Szczecin|53.4301818|14.550962300000002|33.0|85.0|62.0|1.4|429.0|17.6|1.1|1.3|1.4|0.07542147293700088|32.3|0.3047836169448345|0.005259047869856615|0.525538243459516
431|PL008|Bydgoszcz|53.12974625|18.02936965853485|37.0|79.0|50.0|2.4|239.0|20.3|1.2|1.3|1.4|0.03769083969465649|45.7|0.5668380311591599|0.00978080242699154|0.977398543292942
432|PL009|Lublin|51.2181945|22.55467756519268|36.0|106.0|50.0|4.9|208.0|23.8|1.7|1.7|1.9|0.032939714108141706|12.2|0.8702694581441683|0.015016518229989874|1.5006052062579616
434|PL011|Bialystok|53.12750505|23.147050870161664|30.0|57.0|35.0|3.0|192.0|21.0|1.1|1.1|1.1|0.025537634408602152|21.4|0.6036175980664337|0.010415434645536792|1.0408175327432474
435|PL012|Kielce|50.85403585|20.60991435210145|7.0|83.0|35.0|5.0|178.0|24.8|1.0|1.0|1.1|0.03705357142857143|29.0|0.6057811020021556|0.010452765952510042|1.0445480615344418
436|PL013|Torun|53.0145361|18.596583144651557|36.0|58.0|33.0|3.7|202.0|20.0|0.9|0.8|0.8|0.03656998738965952|40.8|0.42891465525688344|0.007400931607446843|0.7395773328542968
437|PL014|Olsztyn|53.77672389999999|20.47778129221034|28.0|23.0|16.0|3.9|128.0|17.8|0.7|0.7|0.6|0.011386138613861386|35.1|0.5462847437698011|0.009426155010745663|0.9419585197765948
438|PL015|Rzeszow|50.013064|22.016143457294312|25.0|108.0|34.0|5.1|221.0|25.2|1.4|1.3|1.3|0.047182175622542594|1.9|0.6190325636084528|0.0106814202077212|1.0673975503805078
439|PL020|Nowy Sacz|49.61030395|20.715955211138088|2.0|58.0|20.0|5.4|200.0|31.9|0.8|0.7|0.6|0.0445468509984639|12.8|0.35211026553875296|0.006075670209896462|0.6071435607668944
440|PL024|Czestochowa|50.8089997|19.1244089281233|16.0|103.0|51.0|4.7|208.0|29.4|0.9|1.1|1.2|0.053229974160206715|6.2|0.523297514452755|0.00902950987415488|0.902321651370154
441|PL025|Radom|51.41716055|21.160944780832747|23.0|53.0|38.0|2.4|421.0|26.8|0.8|0.8|0.7|0.0780559646539028|6.6|0.1836273965444034|0.0031684946793546064|0.3166286311526276
442|PL506|Bielsko-Biala|49.81207845|19.029198802013944|6.0|94.0|39.0|3.8|499.0|31.7|1.0|0.9|1.0|0.12824010914051842|31.9|0.19823104811052683|0.0034204810014240453|0.34180970049319015
443|PL514|Tarnow|50.0259883|20.96405842696229|15.0|73.0|26.0|4.6|243.0|30.1|0.8|0.8|0.8|0.058213716108452954|2.9|0.339129241924421|0.00585168236805696|0.5847603880197276
450|SE006|Uppsala|59.85861260000001|17.6387436|8.0|61.0|45.0|1.8|40.0|5.3|2.9|2.9|2.6|0.008907710280373831|60.5|1.9043882768889964|0.017173910512306285|2.1826697387962164
460|UK007|Edinburgh|55.9533456|-3.1883749|0.0|143.0|75.0|0.5|496.0|7.9|1.2|1.4|1.2|0.08299477655252467|7.0|1.2278858760798579|0.010123095694571156|0.9065424234282644
462|UK009|Cardiff|51.481654600000006|-3.1791934|0.0|193.0|66.0|0.4|761.0|11.2|1.4|1.4|1.3|0.1643952299829642|4.7|0.8366442359360144|0.006897570717020626|0.6176905427189683
463|UK010|Sheffield|53.38066260000001|-1.4702278|0.0|308.0|277.0|0.3|920.0|12.2|1.8|1.8|1.8|0.24483306836248012|7.7|0.8965063448104823|0.007391093664405406|0.6618864588930683
464|UK011|Bristol|51.453802200000005|-2.5972985|0.0|194.0|76.0|0.3|939.0|11.6|1.4|1.5|1.4|0.1975560081466395|5.5|0.6998165585086595|0.005769518265855413|0.516671305749597
465|UK012|Belfast|54.5964411|-5.9302760999999995|0.0|194.0|72.0|0.5|420.0|11.0|1.3|1.2|1.1|0.10583742498636116|8.8|1.30627673293928|0.010769375744717894|0.9644180279419667
467|UK014|Leicester|52.636139799999995|-1.1330788999999999|0.0|170.0|47.0|0.7|613.0|12.5|1.4|1.3|1.2|0.12186379928315412|2.4|0.9941385938081263|0.00819600609049725|0.7339678936055885
469|UK017|Cambridge|52.2034823|0.1235817|0.0|86.0|21.0|0.8|232.0|12.5|0.6|0.6|0.6|0.05402010050251256|0.0|1.1345294920018187|0.009353434907578225|0.8376178398710371
470|UK018|Exeter|50.725562|-3.5269108|0.0|90.0|22.0|0.9|189.0|9.8|0.6|0.7|1.0|0.03676470588235294|5.1|1.7445528871987763|0.014382668752356467|1.2879952713594842
471|UK019|Lincoln|40.8088861|-96.70777509999999|0.0|63.0|17.0|6.9873217115689386|143.0|11.6|2.806379585326946|2.8395534290271063|2.652950558213709|0.029815428300993846|4.6|1.5058170958541728|0.012414452236000496|1.1117377485223
473|UK025|Coventry|52.4081812|-1.510477|0.0|143.0|143.0|0.6|855.0|11.2|1.1|1.1|1.1|0.17589175891758918|1.3|0.5793796966064564|0.004776597097902699|0.4277533315421816
474|UK026|Kingston upon Hull|53.74357220000001|-0.3394758|0.0|101.0|48.0|0.3|239.0|11.1|0.9|0.9|1.0|0.040742234772085516|0.4|1.7666448559500683|0.014564802221034184|1.304305668995164
475|UK027|Stoke-on-Trent|53.0162014|-2.1812607|0.0|115.0|90.0|0.6|528.0|12.5|0.7|0.7|0.7|0.13083048919226395|2.4|0.6264142107221097|0.005164365127990741|0.462478694250403
476|UK029|Nottingham|52.9534193|-1.1496461|0.0|198.0|53.0|0.7|978.0|12.0|1.3|1.4|1.3|0.21951219512195122|4.2|0.6428050262472615|0.005299496411203241|0.47457995701235894
478|UK033|Guildford|51.2356068|-0.5732063000000001|0.0|69.0|37.0|6.9873217115689386|432.0|10.7|2.806379585326946|2.8395534290271063|2.652950558213709|0.11201298701298701|22.5|0.438988798412764|0.003619168280821725|0.32410338527673294
479|UK506|Doncaster|53.5227681|-1.1335312|0.0|97.0|97.0|6.9873217115689386|541.0|12.0|2.806379585326946|2.8395534290271063|2.652950558213709|0.17077464788732394|3.7|0.4047818790559253|0.003337155168030422|0.29884857603439013
481|UK513|Medway|51.4157386|0.5687308512408333|0.0|64.0|64.0|0.4|1393.0|12.6|0.4|0.4|0.4|0.3333333333333333|2.6|0.13682767742735502|0.001128052451165213|0.1010192369693713
482|UK515|Brighton and Hove|50.8453169|-0.14974689789029522|0.0|71.0|35.0|0.7|1057.0|9.9|0.6|0.7|0.7|0.16985645933014354|0.1|0.2978852560658042|0.0024558641905575995|0.2199272971520688
483|UK516|Plymouth|50.3712659|-4.1425658|0.0|75.0|45.0|0.7|188.0|10.0|0.6|0.6|0.7|0.035161744022503515|4.9|1.520069978919522|0.012531957699663539|1.1222605857066092
484|UK517|Swansea|51.6195955|-3.9459248|0.0|101.0|54.0|0.5|466.0|10.9|0.6|0.6|0.7|0.12287104622871046|5.9|0.5857934939858637|0.0048294745565510685|0.4324886082751209
485|UK518|Derby|52.92126170000001|-1.4761491000000002|0.0|121.0|51.0|0.6|704.0|11.9|0.8|0.7|0.8|0.1776798825256975|1.3|0.48531066837514986|0.0040010610377266154|0.3583026061257389
486|UK520|Southampton|50.9025349|-1.404189|0.0|142.0|66.0|0.6|439.0|12.1|1.0|1.0|1.1|0.09391534391534391|4.9|1.0775179597404207|0.008883413052926054|0.795526491133799
487|UK525|Milton Keynes|52.042979700000004|-0.7589607|0.0|71.0|71.0|0.4|832.0|10.6|0.5|0.4|0.3|0.2305194805194805|2.7|0.219494399206382|0.0018095841404108626|0.16205169263836647
488|UK528|Northampton|52.23433665|-0.9028072768185827|0.0|110.0|49.0|0.9|300.0|9.0|0.8|0.7|0.7|0.07133592736705577|0.7|1.098897284338445|0.009059671248420617|0.8113107469102634
489|UK539|Bournemouth|50.7194784|-1.8767711999999999|0.0|115.0|67.0|1.0|558.0|9.4|0.7|0.8|1.0|0.12405609492988134|8.3|0.6606211300789484|0.0054463782407820445|0.48773350349274586
490|UK546|Colchester|51.8896903|0.8994651|0.0|90.0|43.0|0.6|462.0|11.8|0.5|0.5|0.6|0.13353115727002968|1.1|0.48032215930227745|0.00395993412544455|0.3546196131112305
491|UK550|Dundee City|56.473846|-2.9664189535140895|0.0|36.0|22.0|0.8|118.0|7.3|0.4|0.4|0.5|0.01606425702811245|6.2|1.5970355474724094|0.013166487203443971|1.1790839065018808
492|UK552|Reading|51.456659|-0.9696511999999999|0.0|72.0|29.0|6.9873217115689386|1471.0|10.5|2.806379585326946|2.8395534290271063|2.652950558213709|0.3287671232876712|1.0|0.1560690695655768|0.0012866848271103212|0.11522506716818914
493|UK553|Blackpool|53.8182212|-3.0564845000000003|0.0|75.0|26.0|6.9873217115689386|669.0|9.1|2.806379585326946|2.8395534290271063|2.652950558213709|0.15527950310559005|1.1|0.34420712602819|0.0028377569474624894|0.2541265180010747
494|UK557|Blackburn with Darwen|53.69917695|-2.4709000953138327|0.0|61.0|48.0|1.0|363.0|10.3|0.5|0.4|0.4|0.07692307692307693|6.3|0.5651268135411069|0.004659091634239656|0.41723049435787213
495|UK559|Middlesbrough|54.5760419|-1.2344046999999998|0.0|147.0|111.0|0.7|937.0|9.9|0.9|0.9|0.9|0.24581939799331104|1.9|0.42616120365394944|0.003513413363524986|0.3146328318108544
496|UK560|Oxford|39.785206200000005|-75.9790215|0.0|110.0|24.0|0.8|270.0|11.3|0.8|0.8|0.8|0.05711318795430945|0.5|1.3725526391931548|0.011315776150751043|1.0133492208490058
497|UK562|Preston|53.7593363|-2.6992717|0.0|57.0|28.0|0.8|976.0|10.5|0.4|0.4|0.4|0.22265625|1.7|0.18243690323647335|0.0015040699348869506|0.13469231595916173
498|UK566|Norwich|52.628606000000005|1.29227|0.0|57.0|21.0|0.8|263.0|12.7|0.6|0.6|0.7|0.03802535023348899|4.2|1.0682535857479436|0.008807034501545075|0.7886866469639979
499|UK568|Cheshire West and Chester|53.16379785|-2.7285361135416943|0.0|164.0|112.0|0.4|358.0|10.0|0.7|0.7|0.8|0.12103321033210332|2.4|0.9656328276774274|0.007960995163171166|0.7129222192369694
500|UK569|Ipswich|52.0579495|1.1526345|0.0|90.0|27.0|6.9873217115689386|228.0|12.5|2.806379585326946|2.8395534290271063|2.652950558213709|0.058900523560209424|1.8|1.0889202661927002|0.008977417423856488|0.8039447608812467
511|USA100|Escambia|30.662588500000002|-87.3451089|698.0|290.0|201.0|10.0|95.0|8.6|0.1|0.1|0.2|0.0588474025974026|50.7|0.03663371748536746|0.0012715180918716753|2.144149935172978
512|USA101|Caddo|34.1267595|-96.2633229|564.0|215.0|124.0|9.5|47.0|10.7|0.2|0.1|0.1|0.02227056142531593|57.6|0.07176580937575841|0.0024909163268930913|4.200410607581154
513|USA102|Tulare|36.2516475|-118.85258300000001|344.0|106.0|106.0|14.7|36.0|13.6|0.2|0.1|0.1|0.00844083452779105|39.9|0.09335353575106423|0.0032402037738888997|5.46392753366523
514|USA103|Newport News|36.977501600000004|-76.42976999999999|246.0|252.0|178.0|2.0|269.0|8.0|0.1|0.1|0.1|0.15300546448087432|21.5|0.012243452252110432|0.00042495744669493696|0.716602058285287
515|USA104|York|53.959055500000005|-1.0815361000000001|65.0|306.0|306.0|12.0|187.0|9.8|0.1|0.1|0.2|0.12960609911054638|19.3|0.01755117836504719|0.0006091830793240717|1.0272601454836445
516|USA105|Genesee|43.0220032|-83.72743050000001|12.0|258.0|258.0|4.1|245.0|8.4|0.1|0.1|0.1|0.1532976827094474|11.6|0.01251106869477951|0.0004342461340543891|0.7322654912532713
517|USA106|Jefferson (TX)|29.834771999999997|-94.1704496|690.0|356.0|251.0|8.0|40.0|9.3|0.1|0.1|0.1|0.03305785123966942|8.7|0.08005448530842577|0.0027786076159427905|4.685541934228449
518|USA107|Santa Barbara|34.4221319|-119.7026673|119.0|202.0|202.0|5.9|62.0|8.1|0.1|0.1|0.1|0.028291316526610644|28.8|0.05307726112936762|0.0018422563262913477|3.1065808719835757
519|USA108|Lafayette|30.2240897|-92.0198427|646.0|378.0|167.0|7.9|50.0|8.3|0.1|0.1|0.1|0.043654001616814875|4.8|0.064369188251988|0.0022341873290415656|3.7674907241604734
520|USA109|Monterey|36.223107899999995|-121.38774280000001|230.0|145.0|145.0|6.5|50.0|6.2|0.2|0.1|0.1|0.016858504825020347|30.8|0.06393802842768781|0.002219222221629115|3.74225519326761
522|USA110|Mobile|30.6943566|-88.04305409999999|704.0|251.0|251.0|5.1|125.0|9.2|0.1|0.1|0.1|0.07596852300242131|62.6|0.024561242404962273|0.000852495084323055|1.437555070172792
523|USA111|Berks|51.4534889|-1.0318729593399247|45.0|243.0|243.0|20.3|185.0|9.6|0.1|0.1|0.1|0.10824053452115813|33.0|0.016688858716446823|0.0005792528644991703|0.976789083697917
524|USA112|Cameron|4.6125522000000005|13.153581099999998|1193.0|79.0|79.0|12.2|166.0|11.1|0.2|0.1|0.1|0.03126236644242184|11.4|0.01878518751735462|0.000652014248814879|1.0994859752804615
525|USA113|Bell|31.008165899999998|-97.43144129999999|690.0|207.0|168.0|4.7|57.0|8.6|0.2|0.1|0.1|0.027871280463174903|16.6|0.055210758880646124|0.001916307806073647|3.231453240367229
526|USA114|Nueces|27.715377399999998|-97.61999420000001|992.0|159.0|139.0|9.7|103.0|9.8|0.1|0.1|0.1|0.038856304985337244|0.4|0.03041906898338548|0.0010558141298577304|1.780410214027562
527|USA115|Marion (OR)|44.7486725|-122.9341855546875|6.0|221.0|181.0|8.5|80.0|5.8|0.1|0.1|0.1|0.044059011164274325|46.3|0.03728789101189187|0.0012942237720836695|2.182438326872495
528|USA116|Allen|37.888216799999995|-95.3170208|43.0|265.0|241.0|3.5|154.0|9.5|0.1|0.1|0.1|0.10243525318902204|3.2|0.019231214921803085|0.0006674953944139658|1.125591696893769
529|USA117|Scott|39.6333408|-90.4753685|81.0|215.0|182.0|15.1|64.0|9.1|0.1|0.1|0.1|0.035845281760586864|10.6|0.044587872864698466|0.0015475985217220595|2.6097019706102924
530|USA118|Stark|41.0712135|-89.80668309999999|32.0|187.0|187.0|6.9|250.0|10.4|0.1|0.1|0.1|0.12425249169435217|12.1|0.01118785406158239|0.00038831873544376445|0.6548185171337929
531|USA119|Tallahassee|30.4380832|-84.2809332|650.0|55.0|44.0|4.8|59.0|8.9|0.1|0.1|0.1|0.00858034321372855|85.8|0.047650594375244604|0.0016539023881691232|2.7889612590216695
533|USA120|Cumberland (NC)|36.0748576|-79.78169720000001|330.0|185.0|164.0|4.4|141.0|8.8|0.1|0.1|0.1|0.06781524926686217|52.8|0.020279379322256985|0.0007038760865718202|1.1869401426850412
534|USA121|Lane|38.46516629999999|-100.4776682|1.0|201.0|201.0|3.4|30.0|6.0|0.1|0.1|0.1|0.016801805567165425|85.1|0.08893043065695026|0.003086682413364621|5.205045794333265
535|USA122|Winnebago (IL)|42.3255276|-89.1496574|38.0|228.0|194.0|5.5|165.0|8.9|0.1|0.1|0.1|0.1097737120847376|8.0|0.015439981983991114|0.0005359056568217268|0.9036930631806565
536|USA123|Chatham|51.380484499999994|0.5292758000000001|552.0|120.0|106.0|5.9|100.0|9.4|0.1|0.1|0.1|0.03233629749393695|35.6|0.02758679496513771|0.0009575088553035282|1.6146388817830601
537|USA124|Vanderburgh|38.0461185|-87.58065529999999|186.0|196.0|95.0|8.9|67.0|10.6|0.1|0.1|0.1|0.03764886669227814|13.6|0.03870031112597869|0.0013432473998141114|2.2651064453146352
538|USA125|Washtenaw|42.2582044|-83.8440853|18.0|164.0|164.0|2.2|192.0|8.8|0.1|0.1|0.1|0.0876068376068376|23.9|0.013916055018792185|0.00048301174269151304|0.8144985143351896
539|USA126|Lubbock|33.563520600000004|-101.879336|543.0|178.0|152.0|8.7|25.0|7.5|0.1|0.1|0.1|0.012432772228818887|0.6|0.10642957249147847|0.003694059359035466|6.229260272295358
540|USA127|Madison|43.074760999999995|-89.3837613|262.0|201.0|201.0|3.4|166.0|9.1|0.1|0.1|0.1|0.095260663507109|28.9|0.015685297056437772|0.0005444202869012247|0.9180512100679755
541|USA128|Marion (FL)|29.218245399999997|-82.0626948|756.0|334.0|334.0|1.8|78.0|6.9|0.1|0.1|0.2|0.07729692200879426|56.0|0.032121406910363796|0.001114900502227579|1.8800470515183516
542|USA129|Peoria|40.6938609|-89.5891008|107.0|188.0|106.0|11.6|80.0|8.8|0.1|0.1|0.1|0.04598825831702544|17.4|0.030389333823088914|0.001054782053484458|1.7786698325866745
544|USA130|Collier|26.087964000000003|-81.3794941|1080.0|311.0|311.0|4.9|65.0|7.3|0.1|0.1|0.2|0.05820699981283923|64.4|0.03971874036613603|0.0013785960155986935|2.32471450966502
545|USA131|Luzerne|49.138486|-1.0505573000000001|11.0|153.0|153.0|20.4|136.0|9.0|0.1|0.1|0.1|0.06513409961685823|77.7|0.0174619728841575|0.0006060868502042544|1.0220390011609832
546|USA132|Lancaster (NE)|35.1529081|-106.53761659999999|136.0|137.0|124.0|10.2|64.0|7.4|0.1|0.1|0.1|0.026442771665701602|0.2|0.038514466374125166|0.0013367969224811589|2.2542290613090907
547|USA133|Thurston|42.1837827|-96.53949859999999|3.0|245.0|171.0|5.8|70.0|4.5|0.1|0.1|0.1|0.05303030303030303|70.5|0.034344110142532|0.0011920482111296958|2.010140564224667
548|USA134|Sebastian|35.1770785|-94.2654285|285.0|149.0|71.0|24.3|24.0|9.6|0.1|0.1|0.1|0.011501350829795446|35.2|0.09630475041049827|0.0033426373539361923|5.6366603916732805
549|USA135|Roanoke|37.270973|-79.94143129999999|63.0|136.0|56.0|7.0|64.0|8.2|0.1|0.1|0.1|0.02763104429093864|20.7|0.036589114744922616|0.0012699699773117668|2.1415393630116473
550|USA136|Muscogee|32.451532199999995|-84.95159770000001|526.0|167.0|101.0|4.9|44.0|10.4|0.1|0.1|0.1|0.02280797596285168|63.2|0.05443021092286131|0.0018892158012752448|3.1857682275439414
551|USA137|Brown|31.7525184|-98.99047220000001|6.0|248.0|200.0|8.6|64.0|8.7|0.1|0.1|0.1|0.050519454063964145|4.8|0.03649247547395877|0.001266615729098631|2.1358831233287634
552|USA138|Alachua|29.675568|-82.36401090000001|715.0|187.0|101.0|8.7|48.0|7.7|0.1|0.1|0.1|0.029064345663661798|61.7|0.047829005337023986|0.0016600948464087577|2.799403547666992
553|USA139|Larimer|40.6810174|-105.47269070000002|19.0|119.0|119.0|2.5|47.0|5.4|0.1|0.1|0.1|0.017428236672524897|52.1|0.05075791862623559|0.0017617543691760957|2.9708311195943775
555|USA140|Boulder|40.0149856|-105.270545|20.0|111.0|111.0|10.2|163.0|5.6|0.1|0.1|0.1|0.0578125|50.1|0.014272876942350958|0.0004953966591707826|0.8353830916258355
556|USA141|Potter|35.3683354|-101.8776577|485.0|133.0|107.0|7.6|16.0|7.2|0.1|0.1|0.1|0.007341576506955177|0.3|0.1346705409831406|0.0046742738945509885|7.882187545777935
557|USA142|Cumberland (ME)|43.7866027|-70.25318874322726|8.0|185.0|185.0|8.0|116.0|6.0|0.1|0.1|0.1|0.07474747474747474|68.6|0.01839863043349928|0.0006385972559623369|1.0768610165489285
558|USA143|Erie (PA)|42.129471200000005|-80.0852695|8.0|131.0|131.0|7.5|133.0|8.9|0.1|0.1|0.1|0.06244041944709247|37.0|0.015596091575548077|0.0005413240577814072|0.912830065745314
559|USA144|St. Lucie|27.3900897|-80.457904|905.0|264.0|264.0|3.4|181.0|6.7|0.1|0.1|0.1|0.1651031894934334|8.5|0.011886630328551657|0.00041257253021566737|0.695717480994641
560|USA145|Nashville |36.1622296|-86.7743531|228.0|192.0|187.0|3.0|131.0|8.8|0.1|0.1|0.1|0.08315288003464703|33.7|0.017164621281191852|0.0005957660864715297|1.0046351867521115
561|USA146|Atlantic City|39.364285200000005|-74.42293509999999|89.0|150.0|150.0|8.1|172.0|7.6|0.1|0.1|0.1|0.0946372239747634|61.2|0.011782557267513682|0.00040896026290921376|0.689626145951536
562|USA147|McLennan|31.548769099999998|-97.2189254|706.0|151.0|134.0|11.9|38.0|8.7|0.1|0.1|0.1|0.020491247116298007|4.1|0.05477959905634595|0.0019013426986611965|3.2062177094743656
563|USA148|Durham|35.996653|-78.90180529999999|271.0|121.0|121.0|1.0|382.0|8.9|0.1|0.1|0.1|0.15653298835705046|58.5|0.005746319727311089|0.00019944875913490364|0.33632871345144316
564|USA149|Lackawanna|42.81909025|-78.833717479075|9.0|122.0|108.0|14.0|84.0|8.4|0.1|0.1|0.1|0.03871786734370041|71.0|0.02342387252361868|0.0008130181630453834|1.3709854800588581
566|USA150|St. Joseph|39.7686055|-94.8466322|39.0|171.0|171.0|4.1|224.0|9.6|0.1|0.1|0.1|0.14309623430962343|9.3|0.008883379138598643|0.00030833281651514855|0.5199389554650382
567|USA151|Santa Cruz|28.469648|-16.2540884|13.0|84.0|84.0|11.1|234.0|6.5|0.1|0.1|0.1|0.0724762726488352|76.5|0.008615762695929563|0.0002990441291556964|0.5042755224970538
569|USA153|Minnehaha|43.6680284|-96.78376259999999|31.0|122.0|81.0|21.2|25.0|8.0|0.1|0.1|0.1|0.011272290492469741|0.0|0.08045590997242938|0.002792540646981969|4.709037083680426
570|USA154|Merced|37.1641544|-120.7678602|622.0|98.0|98.0|9.4|52.0|11.1|0.1|0.1|0.1|0.019088430074016362|0.7|0.038165078240640526|0.0013246700250952072|2.233779579378666
571|USA155|Benton (WA)|42.0599693|-92.0776319|262.0|107.0|74.0|4.4|35.0|8.7|0.1|0.1|0.1|0.013660155751308566|0.2|0.05822887765074742|0.002021063557960802|3.4081019566172754
572|USA156|Weld|40.5632344|-104.48352870000001|81.0|92.0|92.0|9.8|27.0|5.8|0.1|0.1|0.1|0.008832565284178187|0.4|0.07743035741225394|0.0026875268760014953|4.531953272070157
573|USA157|Kalamazoo|42.291707|-85.5872286|26.0|109.0|109.0|5.0|172.0|8.6|0.1|0.1|0.1|0.07247340425531915|32.5|0.01118042027150825|0.0003880607163504464|0.6543834217735711
574|USA158|Butte|39.6519275|-121.58584440000001|311.0|121.0|82.0|13.9|32.0|7.8|0.1|0.1|0.1|0.015536723163841809|43.8|0.05789435709741107|0.002009452698761487|3.388522665407295
576|USA160|Yakima|46.601557|-120.51084209999999|74.0|45.0|45.0|11.3|22.0|7.5|0.1|0.1|0.1|0.004031896783442344|40.7|0.08296853101748908|0.0028797511005234917|4.85609931543539
577|USA161|Brazos|30.65231335|-96.38058014696414|688.0|123.0|96.0|5.8|38.0|10.1|0.1|0.1|0.1|0.018165706690296855|13.8|0.05033419259200955|0.0017470472808569632|2.9460306840617356
578|USA162|Tuscaloosa|33.2095614|-87.5675258|481.0|115.0|101.0|10.5|27.0|10.1|0.1|0.1|0.1|0.012447234549193636|79.8|0.06868078649498985|0.0023838384031660735|4.019846033089112
579|USA164|Linn|42.0631825|-91.6037932|51.0|117.0|108.0|13.1|65.0|8.9|0.1|0.1|0.1|0.031283422459893045|9.4|0.027802374877287806|0.0009649914090097537|1.627256647229492
580|USA165|Lafayette (IN)|40.4034666|-86.89042330119949|86.0|138.0|89.0|15.0|44.0|9.3|0.1|0.1|0.1|0.024647258439006964|5.9|0.04162179062511615|0.001444648903488131|2.4360989218817983
581|USA167|Weber|41.2728039|-111.8860648|16.0|77.0|77.0|7.5|141.0|8.4|0.1|0.1|0.1|0.04505558806319485|40.5|0.01270434723670718|0.0004409546304806601|0.7435779706190379
582|USA169|Cass|33.056085700000004|-94.35103659999999|23.0|95.0|69.0|24.1|21.0|7.2|0.1|0.1|0.1|0.008248675870452376|0.4|0.08561496028388332|0.002971605897744741|5.010993263674347
584|USA170|Benton (AR)|36.3456186|-94.26704040000001|251.0|119.0|119.0|9.4|107.0|8.8|0.1|0.1|0.1|0.05187445510026155|36.6|0.01705311443007974|0.000591895800071758|0.9981087563487847
603|USA36|Jefferson (KY)|38.1787175|-85.664528|168.0|648.0|410.0|12.0|100.0|10.8|0.4|0.4|0.4|0.047285464098073555|22.9|0.10187265917602997|0.0035358936548314608|5.962546816479401
604|USA37|Memphis|35.1490215|-90.0516285|336.0|231.0|181.0|3.8|119.0|9.5|0.5|0.4|0.3|0.021103599488397587|24.0|0.08137026615154874|0.0028242769954600973|4.762553812987706
606|USA39|Oklahoma|34.9550817|-97.2684063|500.0|681.0|559.0|5.5|93.0|8.8|0.4|0.4|0.4|0.04874382649774533|13.8|0.10385748112582564|0.0036047847527473976|6.078717277658618
608|USA41|Pittsburgh|40.4416941|-79.99008609999998|28.0|655.0|543.0|11.9|346.0|10.5|0.4|0.5|0.5|0.15737626141278233|59.9|0.030939434288575356|0.0010738754663899984|1.810866889243087
610|USA43|Virginia Beach|36.8529841|-75.9774183|260.0|670.0|552.0|1.1|194.0|8.0|0.4|0.4|0.3|0.11074380165289256|32.4|0.0449744299485538|0.0015610155145746015|2.632326929341825
611|USA44|Erie (NY)|42.352536|-79.322918|9.0|593.0|452.0|4.5|276.0|8.1|0.3|0.4|0.4|0.1441419543023821|36.6|0.030582612365016585|0.001061490549910729|1.7899823119524412
612|USA45|Fresno (Greater)|36.722727|-119.7879217|421.0|342.0|310.0|5.3|53.0|13.7|0.4|0.3|0.3|0.01614425981873112|28.6|0.15747740893060558|0.005465876472850968|9.217060110938386
614|USA47|Wake|19.28988935|166.64921739111432|281.0|425.0|365.0|2.0|275.0|8.8|0.4|0.4|0.3|0.09906759906759907|42.2|0.03189095941806542|0.0011069019103347173|1.8665590953514761
615|USA48|Jefferson (AL)|33.569833|-86.782298|349.0|687.0|418.0|9.1|102.0|10.9|0.3|0.3|0.3|0.0654410363878834|69.5|0.07803992819833352|0.002708684441653581|4.5676310916083445
618|USA51|Tulsa|36.1556805|-95.9929113|376.0|714.0|438.0|10.5|55.0|10.7|0.3|0.3|0.3|0.03851340417498247|11.1|0.1378150341845023|0.004783415971024552|8.066232883151752
620|USA53|Providence|41.8239891|-71.4128343|23.0|571.0|400.0|3.3|377.0|7.2|0.3|0.3|0.3|0.22140364482357502|66.2|0.019171744601209958|0.000665431241667421|1.1221109340119946
621|USA54|Albuquerque|35.0841034|-106.650985|109.0|300.0|257.0|10.8|26.0|5.7|0.3|0.3|0.3|0.008351195612838572|22.9|0.26704404083337163|0.00926881988926668|15.629930625247338
622|USA55|Douglas (NE)|45.934047899999996|-95.4627651|98.0|443.0|255.0|11.3|71.0|8.4|0.3|0.3|0.2|0.03470698840488875|3.1|0.0948848965063373|0.003293355707112432|5.5535571778709185
623|USA56|Rochester (NY)|43.157284999999995|-77.615214|12.0|328.0|277.0|6.7|194.0|7.2|0.2|0.3|0.3|0.07446083995459706|23.6|0.032745845276591655|0.0011365741060663007|1.916595061776982
624|USA57|Kern|35.3145701|-118.7538222|502.0|360.0|360.0|6.8|41.0|12.9|0.4|0.3|0.2|0.01699074948083821|10.1|0.15750714409090213|0.005466908549224241|9.218800492379271
625|USA58|Ventura|34.4458248|-119.07793590000001|103.0|419.0|419.0|2.7|175.0|9.2|0.3|0.3|0.2|0.08685737976782752|32.0|0.03586060331765678|0.0012446841061665912|2.0989000177099117
626|USA59|El Paso (TX)|31.7754152|-106.464634|713.0|231.0|231.0|2.6|58.0|10.2|0.3|0.3|0.2|0.015918958031837915|0.0|0.10787172776586186|0.0037441150631391806|6.313668772178385
627|USA60|East Baton Rouge|30.445959600000002|-91.18738|624.0|549.0|243.0|6.4|75.0|9.7|0.3|0.3|0.2|0.05012783053323594|35.1|0.08141486889199359|0.002825825110020006|4.765164385149037
628|USA61|Worcester|42.262562100000004|-71.8018877|24.0|403.0|403.0|4.2|199.0|6.3|0.2|0.3|0.3|0.09848484848484848|83.3|0.03041906898338548|0.0010558141298577304|1.780410214027562
630|USA63|Richland|38.706045700000004|-88.09493520000001|398.0|499.0|259.0|5.0|89.0|8.9|0.2|0.3|0.2|0.05698949291914116|69.8|0.06509026588917968|0.002259215181093423|3.809694974101987
631|USA64|Lehigh|42.3599729|-94.0521771|37.0|432.0|395.0|10.0|250.0|9.5|0.2|0.2|0.3|0.1496881496881497|20.2|0.021453918153971286|0.0007446431033160826|1.2556852096000841
633|USA66|Montgomery (OH)|39.2282432|-84.3539662|59.0|382.0|300.0|4.7|305.0|10.2|0.2|0.2|0.2|0.1672504378283713|7.7|0.016978776529338328|0.0005893156091385768|0.9937578027465668
634|USA67|San Joaquin|37.9372901|-121.2773719|251.0|315.0|315.0|3.9|192.0|9.3|0.3|0.2|0.2|0.08511213185625506|1.2|0.0275124570643963|0.0009549286643703471|1.6102879281808424
635|USA68|Kent|51.20707485|0.7210361813401444|12.0|356.0|324.0|4.0|168.0|8.7|0.2|0.2|0.2|0.08626120668766658|24.7|0.03067925163598042|0.0010648447981238646|1.7956385516353246
636|USA69|Charleston|32.7876012|-79.9402728|513.0|449.0|232.0|4.4|98.0|8.1|0.2|0.2|0.2|0.06078245566535806|49.4|0.05491340727768048|0.0019059870423409225|3.2140494259583576
637|USA70|Onondaga|42.4442037|-84.5621963|8.0|212.0|171.0|8.0|102.0|6.7|0.2|0.2|0.2|0.03290903446134741|34.8|0.04788847565761712|0.001662158999155303|2.802884310548767
638|USA71|El Paso (CO)|31.8072184|-106.2230394|28.0|238.0|236.0|3.9|98.0|5.5|0.2|0.2|0.2|0.03413165065251685|14.5|0.05183581818698606|0.0017991671377072225|3.0339199468265368
639|USA72|Ada|38.8398935|-83.5051704|123.0|187.0|128.0|4.5|18.0|6.5|0.2|0.2|0.2|0.004832415949556813|1.0|0.28766537449903906|0.009984564854131133|16.836885154502582
640|USA73|Hampden|44.744515899999996|-68.83698199999999|17.0|433.0|307.0|3.8|206.0|7.1|0.2|0.2|0.2|0.1416421328099444|79.0|0.022725096256649417|0.0007887643682734805|1.33008651619801
642|USA75|Sedgwick|37.6448148|-97.46413879999999|426.0|329.0|285.0|7.9|63.0|8.1|0.2|0.2|0.2|0.03483324510322922|0.1|0.07021214725026291|0.002436990336389605|4.1094756772948
643|USA76|Polk|30.764282799999997|-94.81921750000001|68.0|185.0|149.0|10.4|72.0|8.3|0.2|0.2|0.2|0.021345332871812624|5.4|0.06442865857258112|0.002236251481788111|3.770971487042248
644|USA77|Dauphin|43.898182299999995|5.783018599999999|39.0|429.0|208.0|12.0|110.0|10.1|0.2|0.2|0.2|0.08041237113402062|42.9|0.0396592700455429|0.0013765318628521485|2.3212337467832462
645|USA78|Lucas|41.0147422|-93.3427643|47.0|368.0|259.0|6.7|224.0|9.6|0.2|0.2|0.2|0.14614773629864972|16.5|0.018718283406687353|0.000649692076975016|1.0955701170384655
646|USA79|Pulaski|37.2314232|-89.1183427|366.0|162.0|136.0|6.4|95.0|10.7|0.2|0.2|0.2|0.02665789040645055|50.3|0.04517514228055561|0.0015679820300941907|2.6440745040678135
647|USA80|Dane|45.784980299999994|15.5077166|21.0|289.0|251.0|6.8|109.0|8.7|0.2|0.2|0.2|0.05482830582432176|5.8|0.039183507480797866|0.001360018640879789|2.2933876437290515
649|USA82|Summit|39.6070951|-106.0636654|29.0|274.0|274.0|5.0|498.0|10.2|0.2|0.2|0.2|0.2516069788797062|33.2|0.008095397390739684|0.00028098279262342825|0.47381884728152857
650|USA83|Hamilton (TN)|36.4987144|-82.26152420000001|164.0|257.0|178.0|7.2|98.0|9.2|0.2|0.2|0.2|0.046306306306306305|51.7|0.04125753491148324|0.0014320059679155436|2.414779249230931
651|USA84|Utah|39.4225192|-111.714358|151.0|252.0|245.0|6.1|40.0|7.3|0.3|0.2|0.1|0.017508511081775865|52.0|0.1069945405371132|0.0037136688101276428|6.262327519672214
652|USA85|Lancaster (PA)|40.038129999999995|-76.3056686|60.0|416.0|416.0|11.6|209.0|10.3|0.2|0.2|0.2|0.16307330458643668|10.9|0.01896359847913401|0.0006582067070545138|1.1099282639257846
653|USA86|Stanislaus|37.550087100000006|-121.0501425|435.0|200.0|200.0|5.7|134.0|11.0|0.2|0.2|0.1|0.050903537795876815|7.9|0.029207361201300477|0.0010137570176468776|1.7094896703114102
654|USA87|Greene|39.3573664|-90.3898985|227.0|249.0|164.0|11.2|37.0|8.4|0.2|0.2|0.2|0.017881508078994614|10.4|0.10351552678241516|0.0035929158744547646|6.058702891088417
655|USA88|Fayette|29.8381635|-96.9559692|146.0|223.0|146.0|3.0|107.0|9.5|0.2|0.2|0.1|0.045279187817258884|2.6|0.03661141611514504|0.001270744034591721|2.1428446490923125
656|USA89|Spokane|47.657193400000004|-117.42351059999999|93.0|134.0|131.0|6.7|35.0|8.1|0.2|0.2|0.2|0.009336027311363479|32.7|0.10669718893414755|0.003703348046394918|6.244923705263342
657|USA90|Volusia-Daytona Beach|29.2108147|-81.02283309999999|806.0|465.0|465.0|4.7|154.0|6.7|0.1|0.1|0.3|0.1413373860182371|62.3|0.024457169343924296|0.0008488828170166014|1.4314637351296868
658|USA91|Guilford|41.2889866|-72.68176159999999|214.0|270.0|270.0|2.3|300.0|8.8|0.2|0.2|0.2|0.15817223198594024|29.3|0.012689479656558898|0.0004404385922940239|0.7427077798985944
659|USA92|Sonoma|38.511080299999996|-122.8473388|24.0|194.0|194.0|7.4|121.0|7.1|0.1|0.2|0.2|0.04704170708050436|44.3|0.030656950265757994|0.0010640707408439102|1.794333265554659
660|USA93|Forsyth|39.932536799999994|-88.9511912|168.0|209.0|162.0|4.3|128.0|8.6|0.2|0.2|0.2|0.05466910803034266|33.8|0.028419379453441515|0.0009864069937551572|1.6633695621279005
661|USA94|Washoe|40.5849048|-119.61316059999999|120.0|103.0|102.0|5.1|21.0|7.0|0.1|0.2|0.2|0.004498798864380869|2.9|0.17019662374746103|0.005907347141518264|9.961508272277866
662|USA95|Ingham|42.5860505|-84.38008409999999|15.0|271.0|141.0|7.2|106.0|8.2|0.1|0.2|0.1|0.06099482331757821|10.6|0.033028329299409014|0.0011463788316123892|1.93312868546541
663|USA96|Montgomery (AL)|33.810124|-86.809849|550.0|246.0|154.0|9.3|33.0|10.6|0.1|0.1|0.1|0.01783901377810007|48.7|0.1025119651224061|0.0035580832968568187|5.999965017458475
664|USA97|Knox|33.5871385|-99.7073621|141.0|253.0|242.0|1.3|233.0|9.1|0.1|0.1|0.1|0.12612163509471586|27.8|0.014912182888727095|0.0005175863011961405|0.8728012926049094
665|USA98|Greenville|34.851354|-82.3984882|221.0|251.0|251.0|4.4|233.0|8.9|0.2|0.2|0.1|0.12166747455162386|46.6|0.015335908922953138|0.0005322933895152731|0.8976017281375513
666|USA99|Mahoning|40.932564299999996|-79.4592102|23.0|290.0|151.0|9.6|159.0|9.5|0.1|0.1|0.2|0.10533962949509626|20.8|0.020465224074110513|0.0007103265639047731|1.197817526690586
